sequence_id,event_id,sector_id,corridor_id,state,district,latitude,longitude,start_time,end_time,forecast_origin,prediction_time,temporal_span_hours,present_timesteps,missing_timesteps,coverage_ratio,sequence_type,is_event_sample,target_6h,target_12h,target_24h,target_48h,target_window_start,target_window_end,event_time,label_confidence,data_quality,provenance,rain_1h,rain_3h,rain_6h,rain_12h,rain_24h,rain_48h,rain_72h,antecedent_rain_3d,antecedent_rain_7d,api_30d,rain_intensity,fos,soil_moisture,soil_porosity,pore_pressure,effective_stress,hydraulic_saturation,tilt,tilt_rate_24h,ground_displacement,displacement_velocity_24h,slope,aspect,elevation,curvature,ndvi,ndvi_anomaly,insar_velocity,seismic_count_24h,max_magnitude_24h,nearest_seismic_distance,historical_susceptibility
SEQ_V4_TRAIN_EV-03-Tminus48h,EV-03,SK-SINGTAM-01,SK-SINGTAM-01,Sikkim,Gangtok,27.234,88.498,2023-09-29T01:30:00+00:00,2023-10-02T01:30:00Z,2023-10-02T01:30:00Z,2023-10-02T01:30:00Z,72.0,6,66,0.083,HISTORICAL_DISCRETE_OBSERVATIONS,1,0,0,0,1,2023-10-02T01:30:00Z,2023-10-04T01:30:00+00:00,2023-10-04T01:30:00Z,HIGH,DOCUMENTED_HISTORICAL_GSI,[HISTORICAL],2.6,5.7,9.5,19.6,28.0,37.8,47.6,40.5,59.5,,2.6,0.976,0.377,,11.9,,,0.58,,5.2,,39.0,180.0,420.0,-0.05,0.52,-0.007,,0.0,0.0,999.0,0.9
SEQ_V4_TRAIN_EV-03-Tminus36h,EV-03,SK-SINGTAM-01,SK-SINGTAM-01,Sikkim,Gangtok,27.234,88.498,2023-09-29T13:30:00+00:00,2023-10-02T13:30:00Z,2023-10-02T13:30:00Z,2023-10-02T13:30:00Z,72.0,6,66,0.083,HISTORICAL_DISCRETE_OBSERVATIONS,1,0,0,0,1,2023-10-02T13:30:00Z,2023-10-04T13:30:00+00:00,2023-10-04T01:30:00Z,HIGH,DOCUMENTED_HISTORICAL_GSI,[HISTORICAL],4.3,9.5,15.8,34.3,49.0,66.2,83.3,70.8,104.1,,4.3,0.876,0.435,,17.0,,,0.97,,9.75,,39.0,180.0,420.0,-0.05,0.52,-0.01,,0.0,0.0,999.0,0.9
SEQ_V4_TRAIN_EV-03-Tminus24h,EV-03,SK-SINGTAM-01,SK-SINGTAM-01,Sikkim,Gangtok,27.234,88.498,2023-09-30T01:30:00+00:00,2023-10-03T01:30:00Z,2023-10-03T01:30:00Z,2023-10-03T01:30:00Z,72.0,6,66,0.083,HISTORICAL_DISCRETE_OBSERVATIONS,1,0,0,1,1,2023-10-03T01:30:00Z,2023-10-05T01:30:00+00:00,2023-10-04T01:30:00Z,HIGH,DOCUMENTED_HISTORICAL_GSI,[HISTORICAL],7.7,17.0,28.4,58.8,84.0,113.4,142.8,121.4,178.5,,7.7,0.743,0.493,,23.8,,,1.75,,19.5,,39.0,180.0,420.0,-0.05,0.52,-0.015,,0.0,0.0,999.0,0.9
SEQ_V4_TRAIN_EV-03-Tminus12h,EV-03,SK-SINGTAM-01,SK-SINGTAM-01,Sikkim,Gangtok,27.234,88.498,2023-09-30T13:30:00+00:00,2023-10-03T13:30:00Z,2023-10-03T13:30:00Z,2023-10-03T13:30:00Z,72.0,6,66,0.083,HISTORICAL_DISCRETE_OBSERVATIONS,1,0,1,1,1,2023-10-03T13:30:00Z,2023-10-05T13:30:00+00:00,2023-10-04T01:30:00Z,HIGH,DOCUMENTED_HISTORICAL_GSI,[HISTORICAL],12.7,28.3,47.2,83.3,119.0,160.7,202.3,172.0,252.9,,12.7,0.623,0.551,,29.92,,,2.92,,39.0,,39.0,180.0,420.0,-0.05,0.52,-0.03,,0.0,0.0,999.0,0.9
SEQ_V4_TRAIN_EV-03-Tminus6h,EV-03,SK-SINGTAM-01,SK-SINGTAM-01,Sikkim,Gangtok,27.234,88.498,2023-09-30T19:30:00+00:00,2023-10-03T19:30:00Z,2023-10-03T19:30:00Z,2023-10-03T19:30:00Z,72.0,6,66,0.083,HISTORICAL_DISCRETE_OBSERVATIONS,1,1,1,1,1,2023-10-03T19:30:00Z,2023-10-05T19:30:00+00:00,2023-10-04T01:30:00Z,HIGH,DOCUMENTED_HISTORICAL_GSI,[HISTORICAL],17.0,37.8,63.0,98.0,140.0,189.0,238.0,202.3,297.5,,17.0,0.543,0.58,,34.0,,,3.7,,55.25,,39.0,180.0,420.0,-0.05,0.52,-0.06,,0.0,0.0,999.0,0.9
SEQ_V4_TRAIN_EV-04-Tminus48h,EV-04,MN-NONEY-01,MN-NONEY-01,Manipur,Noney,24.7865,93.6394,2022-06-24T23:30:00+00:00,2022-06-27T23:30:00Z,2022-06-27T23:30:00Z,2022-06-27T23:30:00Z,72.0,6,66,0.083,HISTORICAL_DISCRETE_OBSERVATIONS,1,0,0,0,1,2022-06-27T23:30:00Z,2022-06-29T23:30:00+00:00,2022-06-29T23:30:00Z,HIGH,DOCUMENTED_HISTORICAL_GSI,[HISTORICAL],3.3,7.3,12.1,25.2,36.0,48.6,61.2,52.0,76.5,,3.3,0.967,0.338,,9.24,,,0.58,,3.4,,41.5,225.0,640.0,-0.07,0.52,-0.007,,0.0,0.0,999.0,0.85
SEQ_V4_TRAIN_EV-04-Tminus36h,EV-04,MN-NONEY-01,MN-NONEY-01,Manipur,Noney,24.7865,93.6394,2022-06-25T11:30:00+00:00,2022-06-28T11:30:00Z,2022-06-28T11:30:00Z,2022-06-28T11:30:00Z,72.0,6,66,0.083,HISTORICAL_DISCRETE_OBSERVATIONS,1,0,0,0,1,2022-06-28T11:30:00Z,2022-06-30T11:30:00+00:00,2022-06-29T23:30:00Z,HIGH,DOCUMENTED_HISTORICAL_GSI,[HISTORICAL],5.4,12.1,20.2,44.1,63.0,85.1,107.1,91.0,133.9,,5.4,0.891,0.39,,13.2,,,0.96,,6.38,,41.5,225.0,640.0,-0.07,0.52,-0.01,,0.0,0.0,999.0,0.85
SEQ_V4_TRAIN_EV-04-Tminus24h,EV-04,MN-NONEY-01,MN-NONEY-01,Manipur,Noney,24.7865,93.6394,2022-06-25T23:30:00+00:00,2022-06-28T23:30:00Z,2022-06-28T23:30:00Z,2022-06-28T23:30:00Z,72.0,6,66,0.083,HISTORICAL_DISCRETE_OBSERVATIONS,1,0,0,1,1,2022-06-28T23:30:00Z,2022-06-30T23:30:00+00:00,2022-06-29T23:30:00Z,HIGH,DOCUMENTED_HISTORICAL_GSI,[HISTORICAL],9.9,21.9,36.5,75.6,108.0,145.8,183.6,156.1,229.5,,9.9,0.789,0.442,,18.48,,,1.73,,12.75,,41.5,225.0,640.0,-0.07,0.52,-0.015,,0.0,0.0,999.0,0.85
SEQ_V4_TRAIN_EV-04-Tminus12h,EV-04,MN-NONEY-01,MN-NONEY-01,Manipur,Noney,24.7865,93.6394,2022-06-26T11:30:00+00:00,2022-06-29T11:30:00Z,2022-06-29T11:30:00Z,2022-06-29T11:30:00Z,72.0,6,66,0.083,HISTORICAL_DISCRETE_OBSERVATIONS,1,0,1,1,1,2022-06-29T11:30:00Z,2022-07-01T11:30:00+00:00,2022-06-29T23:30:00Z,HIGH,DOCUMENTED_HISTORICAL_GSI,[HISTORICAL],16.4,36.5,60.8,107.1,153.0,206.6,260.1,221.1,325.1,,16.4,0.697,0.494,,23.23,,,2.89,,25.5,,41.5,225.0,640.0,-0.07,0.52,-0.03,,0.0,0.0,999.0,0.85
SEQ_V4_TRAIN_EV-04-Tminus6h,EV-04,MN-NONEY-01,MN-NONEY-01,Manipur,Noney,24.7865,93.6394,2022-06-26T17:30:00+00:00,2022-06-29T17:30:00Z,2022-06-29T17:30:00Z,2022-06-29T17:30:00Z,72.0,6,66,0.083,HISTORICAL_DISCRETE_OBSERVATIONS,1,1,1,1,1,2022-06-29T17:30:00Z,2022-07-01T17:30:00+00:00,2022-06-29T23:30:00Z,HIGH,DOCUMENTED_HISTORICAL_GSI,[HISTORICAL],21.9,48.6,81.0,126.0,180.0,243.0,306.0,260.1,382.5,,21.9,0.636,0.52,,26.4,,,3.66,,36.12,,41.5,225.0,640.0,-0.07,0.52,-0.06,,0.0,0.0,999.0,0.85
SEQ_V4_TRAIN_EV-07-Tminus48h,EV-07,MZ-LUNGLEI-01,MZ-LUNGLEI-01,Mizoram,Lunglei,22.887,92.74,2023-08-17T11:00:00+00:00,2023-08-20T11:00:00Z,2023-08-20T11:00:00Z,2023-08-20T11:00:00Z,72.0,6,66,0.083,HISTORICAL_DISCRETE_OBSERVATIONS,1,0,0,0,1,2023-08-20T11:00:00Z,2023-08-22T11:00:00+00:00,2023-08-22T11:00:00Z,HIGH,DOCUMENTED_HISTORICAL_GSI,[HISTORICAL],2.7,6.1,10.1,21.0,30.0,40.5,51.0,43.4,63.8,,2.7,1.13,0.312,,7.7,,,0.43,,2.24,,36.5,190.0,720.0,-0.03,0.52,-0.007,,0.0,0.0,999.0,0.78
SEQ_V4_TRAIN_EV-07-Tminus36h,EV-07,MZ-LUNGLEI-01,MZ-LUNGLEI-01,Mizoram,Lunglei,22.887,92.74,2023-08-17T23:00:00+00:00,2023-08-20T23:00:00Z,2023-08-20T23:00:00Z,2023-08-20T23:00:00Z,72.0,6,66,0.083,HISTORICAL_DISCRETE_OBSERVATIONS,1,0,0,0,1,2023-08-20T23:00:00Z,2023-08-22T23:00:00+00:00,2023-08-22T11:00:00Z,HIGH,DOCUMENTED_HISTORICAL_GSI,[HISTORICAL],4.5,10.1,16.9,36.8,52.5,70.9,89.2,75.8,111.5,,4.5,1.063,0.36,,11.0,,,0.72,,4.2,,36.5,190.0,720.0,-0.03,0.52,-0.01,,0.0,0.0,999.0,0.78
SEQ_V4_TRAIN_EV-07-Tminus24h,EV-07,MZ-LUNGLEI-01,MZ-LUNGLEI-01,Mizoram,Lunglei,22.887,92.74,2023-08-18T11:00:00+00:00,2023-08-21T11:00:00Z,2023-08-21T11:00:00Z,2023-08-21T11:00:00Z,72.0,6,66,0.083,HISTORICAL_DISCRETE_OBSERVATIONS,1,0,0,1,1,2023-08-21T11:00:00Z,2023-08-23T11:00:00+00:00,2023-08-22T11:00:00Z,HIGH,DOCUMENTED_HISTORICAL_GSI,[HISTORICAL],8.2,18.2,30.4,63.0,90.0,121.5,153.0,130.0,191.2,,8.2,0.975,0.408,,15.4,,,1.3,,8.4,,36.5,190.0,720.0,-0.03,0.52,-0.015,,0.0,0.0,999.0,0.78
SEQ_V4_TRAIN_EV-07-Tminus12h,EV-07,MZ-LUNGLEI-01,MZ-LUNGLEI-01,Mizoram,Lunglei,22.887,92.74,2023-08-18T23:00:00+00:00,2023-08-21T23:00:00Z,2023-08-21T23:00:00Z,2023-08-21T23:00:00Z,72.0,6,66,0.083,HISTORICAL_DISCRETE_OBSERVATIONS,1,0,1,1,1,2023-08-21T23:00:00Z,2023-08-23T23:00:00+00:00,2023-08-22T11:00:00Z,HIGH,DOCUMENTED_HISTORICAL_GSI,[HISTORICAL],13.7,30.4,50.6,89.2,127.5,172.1,216.8,184.3,271.0,,13.7,0.896,0.456,,19.36,,,2.17,,16.8,,36.5,190.0,720.0,-0.03,0.52,-0.03,,0.0,0.0,999.0,0.78
SEQ_V4_TRAIN_EV-07-Tminus6h,EV-07,MZ-LUNGLEI-01,MZ-LUNGLEI-01,Mizoram,Lunglei,22.887,92.74,2023-08-19T05:00:00+00:00,2023-08-22T05:00:00Z,2023-08-22T05:00:00Z,2023-08-22T05:00:00Z,72.0,6,66,0.083,HISTORICAL_DISCRETE_OBSERVATIONS,1,1,1,1,1,2023-08-22T05:00:00Z,2023-08-24T05:00:00+00:00,2023-08-22T11:00:00Z,HIGH,DOCUMENTED_HISTORICAL_GSI,[HISTORICAL],18.2,40.5,67.5,105.0,150.0,202.5,255.0,216.8,318.8,,18.2,0.843,0.48,,22.0,,,2.75,,23.8,,36.5,190.0,720.0,-0.03,0.52,-0.06,,0.0,0.0,999.0,0.78
SEQ_V4_TRAIN_EV-08-Tminus48h,EV-08,AS-DIMA-HASAO-01,AS-DIMA-HASAO-01,Assam,Dima Hasao,25.178,93.023,2022-05-11T09:00:00+00:00,2022-05-14T09:00:00Z,2022-05-14T09:00:00Z,2022-05-14T09:00:00Z,72.0,6,66,0.083,HISTORICAL_DISCRETE_OBSERVATIONS,1,0,0,0,1,2022-05-14T09:00:00Z,2022-05-16T09:00:00+00:00,2022-05-16T09:00:00Z,HIGH,DOCUMENTED_HISTORICAL_GSI,[HISTORICAL],4.2,9.3,15.5,32.2,46.0,62.1,78.2,66.5,97.8,,4.2,0.965,0.37,,11.2,,,0.7,,4.64,,40.0,185.0,510.0,-0.06,0.52,-0.007,,0.0,0.0,999.0,0.91
SEQ_V4_TRAIN_EV-08-Tminus36h,EV-08,AS-DIMA-HASAO-01,AS-DIMA-HASAO-01,Assam,Dima Hasao,25.178,93.023,2022-05-11T21:00:00+00:00,2022-05-14T21:00:00Z,2022-05-14T21:00:00Z,2022-05-14T21:00:00Z,72.0,6,66,0.083,HISTORICAL_DISCRETE_OBSERVATIONS,1,0,0,0,1,2022-05-14T21:00:00Z,2022-05-16T21:00:00+00:00,2022-05-16T09:00:00Z,HIGH,DOCUMENTED_HISTORICAL_GSI,[HISTORICAL],7.0,15.5,25.9,56.3,80.5,108.7,136.8,116.3,171.0,,7.0,0.871,0.427,,16.0,,,1.18,,8.7,,40.0,185.0,510.0,-0.06,0.52,-0.01,,0.0,0.0,999.0,0.91
SEQ_V4_TRAIN_EV-08-Tminus24h,EV-08,AS-DIMA-HASAO-01,AS-DIMA-HASAO-01,Assam,Dima Hasao,25.178,93.023,2022-05-12T09:00:00+00:00,2022-05-15T09:00:00Z,2022-05-15T09:00:00Z,2022-05-15T09:00:00Z,72.0,6,66,0.083,HISTORICAL_DISCRETE_OBSERVATIONS,1,0,0,1,1,2022-05-15T09:00:00Z,2022-05-17T09:00:00+00:00,2022-05-16T09:00:00Z,HIGH,DOCUMENTED_HISTORICAL_GSI,[HISTORICAL],12.6,28.0,46.6,96.6,138.0,186.3,234.6,199.4,293.2,,12.6,0.747,0.484,,22.4,,,2.12,,17.4,,40.0,185.0,510.0,-0.06,0.52,-0.015,,0.0,0.0,999.0,0.91
SEQ_V4_TRAIN_EV-08-Tminus12h,EV-08,AS-DIMA-HASAO-01,AS-DIMA-HASAO-01,Assam,Dima Hasao,25.178,93.023,2022-05-12T21:00:00+00:00,2022-05-15T21:00:00Z,2022-05-15T21:00:00Z,2022-05-15T21:00:00Z,72.0,6,66,0.083,HISTORICAL_DISCRETE_OBSERVATIONS,1,0,1,1,1,2022-05-15T21:00:00Z,2022-05-17T21:00:00+00:00,2022-05-16T09:00:00Z,HIGH,DOCUMENTED_HISTORICAL_GSI,[HISTORICAL],21.0,46.6,77.6,136.8,195.5,263.9,332.3,282.5,415.4,,21.0,0.635,0.541,,28.16,,,3.53,,34.8,,40.0,185.0,510.0,-0.06,0.52,-0.03,,0.0,0.0,999.0,0.91
SEQ_V4_TRAIN_EV-08-Tminus6h,EV-08,AS-DIMA-HASAO-01,AS-DIMA-HASAO-01,Assam,Dima Hasao,25.178,93.023,2022-05-13T03:00:00+00:00,2022-05-16T03:00:00Z,2022-05-16T03:00:00Z,2022-05-16T03:00:00Z,72.0,6,66,0.083,HISTORICAL_DISCRETE_OBSERVATIONS,1,1,1,1,1,2022-05-16T03:00:00Z,2022-05-18T03:00:00+00:00,2022-05-16T09:00:00Z,HIGH,DOCUMENTED_HISTORICAL_GSI,[HISTORICAL],27.9,62.1,103.5,161.0,230.0,310.5,391.0,332.3,488.8,,27.9,0.56,0.57,,32.0,,,4.46,,49.3,,40.0,185.0,510.0,-0.06,0.52,-0.06,,0.0,0.0,999.0,0.91
SEQ_V4_TRAIN_EV-10-Tminus48h,EV-10,ML-MAWSYNRAM-01,ML-MAWSYNRAM-01,Meghalaya,East Khasi Hills,25.297,91.582,2022-06-12T12:00:00+00:00,2022-06-15T12:00:00Z,2022-06-15T12:00:00Z,2022-06-15T12:00:00Z,72.0,6,66,0.083,HISTORICAL_DISCRETE_OBSERVATIONS,1,0,0,0,1,2022-06-15T12:00:00Z,2022-06-17T12:00:00+00:00,2022-06-17T12:00:00Z,HIGH,DOCUMENTED_HISTORICAL_GSI,[HISTORICAL],6.4,14.2,23.6,49.0,70.0,94.5,119.0,101.1,148.8,,6.4,0.799,0.39,,13.3,,,0.73,,4.96,,46.0,215.0,1400.0,-0.11,0.52,-0.007,,0.0,0.0,999.0,0.95
SEQ_V4_TRAIN_EV-10-Tminus36h,EV-10,ML-MAWSYNRAM-01,ML-MAWSYNRAM-01,Meghalaya,East Khasi Hills,25.297,91.582,2022-06-13T00:00:00+00:00,2022-06-16T00:00:00Z,2022-06-16T00:00:00Z,2022-06-16T00:00:00Z,72.0,6,66,0.083,HISTORICAL_DISCRETE_OBSERVATIONS,1,0,0,0,1,2022-06-16T00:00:00Z,2022-06-18T00:00:00+00:00,2022-06-17T12:00:00Z,HIGH,DOCUMENTED_HISTORICAL_GSI,[HISTORICAL],10.6,23.6,39.4,85.8,122.5,165.4,208.2,177.0,260.2,,10.6,0.69,0.45,,19.0,,,1.23,,9.3,,46.0,215.0,1400.0,-0.11,0.52,-0.01,,0.0,0.0,999.0,0.95
SEQ_V4_TRAIN_EV-10-Tminus24h,EV-10,ML-MAWSYNRAM-01,ML-MAWSYNRAM-01,Meghalaya,East Khasi Hills,25.297,91.582,2022-06-13T12:00:00+00:00,2022-06-16T12:00:00Z,2022-06-16T12:00:00Z,2022-06-16T12:00:00Z,72.0,6,66,0.083,HISTORICAL_DISCRETE_OBSERVATIONS,1,0,0,1,1,2022-06-16T12:00:00Z,2022-06-18T12:00:00+00:00,2022-06-17T12:00:00Z,HIGH,DOCUMENTED_HISTORICAL_GSI,[HISTORICAL],19.1,42.5,70.9,147.0,210.0,283.5,357.0,303.4,446.2,,19.1,0.544,0.51,,26.6,,,2.21,,18.6,,46.0,215.0,1400.0,-0.11,0.52,-0.015,,0.0,0.0,999.0,0.95
SEQ_V4_TRAIN_EV-10-Tminus12h,EV-10,ML-MAWSYNRAM-01,ML-MAWSYNRAM-01,Meghalaya,East Khasi Hills,25.297,91.582,2022-06-14T00:00:00+00:00,2022-06-17T00:00:00Z,2022-06-17T00:00:00Z,2022-06-17T00:00:00Z,72.0,6,66,0.083,HISTORICAL_DISCRETE_OBSERVATIONS,1,0,1,1,1,2022-06-17T00:00:00Z,2022-06-19T00:00:00+00:00,2022-06-17T12:00:00Z,HIGH,DOCUMENTED_HISTORICAL_GSI,[HISTORICAL],31.9,70.9,118.1,208.2,297.5,401.6,505.8,429.9,632.2,,31.9,0.413,0.57,,33.44,,,3.68,,37.2,,46.0,215.0,1400.0,-0.11,0.52,-0.03,,0.0,0.0,999.0,0.95
SEQ_V4_TRAIN_EV-10-Tminus6h,EV-10,ML-MAWSYNRAM-01,ML-MAWSYNRAM-01,Meghalaya,East Khasi Hills,25.297,91.582,2022-06-14T06:00:00+00:00,2022-06-17T06:00:00Z,2022-06-17T06:00:00Z,2022-06-17T06:00:00Z,72.0,6,66,0.083,HISTORICAL_DISCRETE_OBSERVATIONS,1,1,1,1,1,2022-06-17T06:00:00Z,2022-06-19T06:00:00+00:00,2022-06-17T12:00:00Z,HIGH,DOCUMENTED_HISTORICAL_GSI,[HISTORICAL],42.5,94.5,157.5,245.0,350.0,472.5,595.0,505.8,743.8,,42.5,0.326,0.6,,38.0,,,4.66,,52.7,,46.0,215.0,1400.0,-0.11,0.52,-0.06,,0.0,0.0,999.0,0.95
SEQ_V4_TRAIN_EV-13-Tminus48h,EV-13,NL-PHEK-01,NL-PHEK-01,Nagaland,Phek,25.68,94.49,2023-07-23T15:00:00+00:00,2023-07-26T15:00:00Z,2023-07-26T15:00:00Z,2023-07-26T15:00:00Z,72.0,6,66,0.083,HISTORICAL_DISCRETE_OBSERVATIONS,1,0,0,0,1,2023-07-26T15:00:00Z,2023-07-28T15:00:00+00:00,2023-07-28T15:00:00Z,HIGH,DOCUMENTED_HISTORICAL_GSI,[HISTORICAL],2.7,5.9,9.8,20.3,29.0,39.2,49.3,41.9,61.6,,2.7,1.152,0.305,,7.35,,,0.41,,2.08,,36.0,200.0,1350.0,-0.03,0.52,-0.007,,0.0,0.0,999.0,0.76
SEQ_V4_TRAIN_EV-13-Tminus36h,EV-13,NL-PHEK-01,NL-PHEK-01,Nagaland,Phek,25.68,94.49,2023-07-24T03:00:00+00:00,2023-07-27T03:00:00Z,2023-07-27T03:00:00Z,2023-07-27T03:00:00Z,72.0,6,66,0.083,HISTORICAL_DISCRETE_OBSERVATIONS,1,0,0,0,1,2023-07-27T03:00:00Z,2023-07-29T03:00:00+00:00,2023-07-28T15:00:00Z,HIGH,DOCUMENTED_HISTORICAL_GSI,[HISTORICAL],4.4,9.8,16.3,35.6,50.8,68.6,86.4,73.4,108.0,,4.4,1.089,0.352,,10.5,,,0.68,,3.9,,36.0,200.0,1350.0,-0.03,0.52,-0.01,,0.0,0.0,999.0,0.76
SEQ_V4_TRAIN_EV-13-Tminus24h,EV-13,NL-PHEK-01,NL-PHEK-01,Nagaland,Phek,25.68,94.49,2023-07-24T15:00:00+00:00,2023-07-27T15:00:00Z,2023-07-27T15:00:00Z,2023-07-27T15:00:00Z,72.0,6,66,0.083,HISTORICAL_DISCRETE_OBSERVATIONS,1,0,0,1,1,2023-07-27T15:00:00Z,2023-07-29T15:00:00+00:00,2023-07-28T15:00:00Z,HIGH,DOCUMENTED_HISTORICAL_GSI,[HISTORICAL],7.9,17.6,29.4,60.9,87.0,117.5,147.9,125.7,184.9,,7.9,1.004,0.399,,14.7,,,1.22,,7.8,,36.0,200.0,1350.0,-0.03,0.52,-0.015,,0.0,0.0,999.0,0.76
SEQ_V4_TRAIN_EV-13-Tminus12h,EV-13,NL-PHEK-01,NL-PHEK-01,Nagaland,Phek,25.68,94.49,2023-07-25T03:00:00+00:00,2023-07-28T03:00:00Z,2023-07-28T03:00:00Z,2023-07-28T03:00:00Z,72.0,6,66,0.083,HISTORICAL_DISCRETE_OBSERVATIONS,1,0,1,1,1,2023-07-28T03:00:00Z,2023-07-30T03:00:00+00:00,2023-07-28T15:00:00Z,HIGH,DOCUMENTED_HISTORICAL_GSI,[HISTORICAL],13.2,29.3,48.9,86.2,123.2,166.3,209.4,178.0,261.8,,13.2,0.928,0.446,,18.48,,,2.03,,15.6,,36.0,200.0,1350.0,-0.03,0.52,-0.03,,0.0,0.0,999.0,0.76
SEQ_V4_TRAIN_EV-13-Tminus6h,EV-13,NL-PHEK-01,NL-PHEK-01,Nagaland,Phek,25.68,94.49,2023-07-25T09:00:00+00:00,2023-07-28T09:00:00Z,2023-07-28T09:00:00Z,2023-07-28T09:00:00Z,72.0,6,66,0.083,HISTORICAL_DISCRETE_OBSERVATIONS,1,1,1,1,1,2023-07-28T09:00:00Z,2023-07-30T09:00:00+00:00,2023-07-28T15:00:00Z,HIGH,DOCUMENTED_HISTORICAL_GSI,[HISTORICAL],17.6,39.1,65.2,101.5,145.0,195.8,246.5,209.5,308.1,,17.6,0.877,0.47,,21.0,,,2.56,,22.1,,36.0,200.0,1350.0,-0.03,0.52,-0.06,,0.0,0.0,999.0,0.76
SEQ_V4_TRAIN_EV-15-Tminus48h,EV-15,AR-ITANAGAR-01,AR-ITANAGAR-01,Arunachal Pradesh,Papum Pare,27.084,93.605,2023-06-15T09:30:00+00:00,2023-06-18T09:30:00Z,2023-06-18T09:30:00Z,2023-06-18T09:30:00Z,72.0,6,66,0.083,HISTORICAL_DISCRETE_OBSERVATIONS,1,0,0,0,1,2023-06-18T09:30:00Z,2023-06-20T09:30:00+00:00,2023-06-20T09:30:00Z,HIGH,DOCUMENTED_HISTORICAL_GSI,[HISTORICAL],2.8,6.3,10.5,21.7,31.0,41.9,52.7,44.8,65.9,,2.8,1.158,0.312,,7.87,,,0.42,,2.32,,35.5,170.0,450.0,-0.03,0.52,-0.007,,0.0,0.0,999.0,0.77
SEQ_V4_TRAIN_EV-15-Tminus36h,EV-15,AR-ITANAGAR-01,AR-ITANAGAR-01,Arunachal Pradesh,Papum Pare,27.084,93.605,2023-06-15T21:30:00+00:00,2023-06-18T21:30:00Z,2023-06-18T21:30:00Z,2023-06-18T21:30:00Z,72.0,6,66,0.083,HISTORICAL_DISCRETE_OBSERVATIONS,1,0,0,0,1,2023-06-18T21:30:00Z,2023-06-20T21:30:00+00:00,2023-06-20T09:30:00Z,HIGH,DOCUMENTED_HISTORICAL_GSI,[HISTORICAL],4.7,10.4,17.4,37.9,54.2,73.2,92.1,78.3,115.1,,4.7,1.089,0.36,,11.25,,,0.7,,4.35,,35.5,170.0,450.0,-0.03,0.52,-0.01,,0.0,0.0,999.0,0.77
SEQ_V4_TRAIN_EV-15-Tminus24h,EV-15,AR-ITANAGAR-01,AR-ITANAGAR-01,Arunachal Pradesh,Papum Pare,27.084,93.605,2023-06-16T09:30:00+00:00,2023-06-19T09:30:00Z,2023-06-19T09:30:00Z,2023-06-19T09:30:00Z,72.0,6,66,0.083,HISTORICAL_DISCRETE_OBSERVATIONS,1,0,0,1,1,2023-06-19T09:30:00Z,2023-06-21T09:30:00+00:00,2023-06-20T09:30:00Z,HIGH,DOCUMENTED_HISTORICAL_GSI,[HISTORICAL],8.5,18.8,31.4,65.1,93.0,125.6,158.1,134.4,197.6,,8.5,0.998,0.408,,15.75,,,1.26,,8.7,,35.5,170.0,450.0,-0.03,0.52,-0.015,,0.0,0.0,999.0,0.77
SEQ_V4_TRAIN_EV-15-Tminus12h,EV-15,AR-ITANAGAR-01,AR-ITANAGAR-01,Arunachal Pradesh,Papum Pare,27.084,93.605,2023-06-16T21:30:00+00:00,2023-06-19T21:30:00Z,2023-06-19T21:30:00Z,2023-06-19T21:30:00Z,72.0,6,66,0.083,HISTORICAL_DISCRETE_OBSERVATIONS,1,0,1,1,1,2023-06-19T21:30:00Z,2023-06-21T21:30:00+00:00,2023-06-20T09:30:00Z,HIGH,DOCUMENTED_HISTORICAL_GSI,[HISTORICAL],14.1,31.4,52.3,92.3,131.8,177.9,224.1,190.5,280.1,,14.1,0.916,0.456,,19.8,,,2.1,,17.4,,35.5,170.0,450.0,-0.03,0.52,-0.03,,0.0,0.0,999.0,0.77
SEQ_V4_TRAIN_EV-15-Tminus6h,EV-15,AR-ITANAGAR-01,AR-ITANAGAR-01,Arunachal Pradesh,Papum Pare,27.084,93.605,2023-06-17T03:30:00+00:00,2023-06-20T03:30:00Z,2023-06-20T03:30:00Z,2023-06-20T03:30:00Z,72.0,6,66,0.083,HISTORICAL_DISCRETE_OBSERVATIONS,1,1,1,1,1,2023-06-20T03:30:00Z,2023-06-22T03:30:00+00:00,2023-06-20T09:30:00Z,HIGH,DOCUMENTED_HISTORICAL_GSI,[HISTORICAL],18.9,41.9,69.8,108.5,155.0,209.2,263.5,224.0,329.4,,18.9,0.861,0.48,,22.5,,,2.66,,24.65,,35.5,170.0,450.0,-0.03,0.52,-0.06,,0.0,0.0,999.0,0.77
SEQ_V4_TRAIN_EV-17-Tminus48h,EV-17,TR-DHARMAN-01,TR-DHARMAN-01,Tripura,North Tripura,24.375,92.165,2023-07-09T06:00:00+00:00,2023-07-12T06:00:00Z,2023-07-12T06:00:00Z,2023-07-12T06:00:00Z,72.0,6,66,0.083,HISTORICAL_DISCRETE_OBSERVATIONS,1,0,0,0,1,2023-07-12T06:00:00Z,2023-07-14T06:00:00+00:00,2023-07-14T06:00:00Z,HIGH,DOCUMENTED_HISTORICAL_GSI,[HISTORICAL],2.5,5.5,9.1,18.9,27.0,36.5,45.9,39.0,57.4,,2.5,1.303,0.299,,7.0,,,0.38,,1.92,,32.0,180.0,210.0,-0.02,0.52,-0.007,,0.0,0.0,999.0,0.73
SEQ_V4_TRAIN_EV-17-Tminus36h,EV-17,TR-DHARMAN-01,TR-DHARMAN-01,Tripura,North Tripura,24.375,92.165,2023-07-09T18:00:00+00:00,2023-07-12T18:00:00Z,2023-07-12T18:00:00Z,2023-07-12T18:00:00Z,72.0,6,66,0.083,HISTORICAL_DISCRETE_OBSERVATIONS,1,0,0,0,1,2023-07-12T18:00:00Z,2023-07-14T18:00:00+00:00,2023-07-14T06:00:00Z,HIGH,DOCUMENTED_HISTORICAL_GSI,[HISTORICAL],4.1,9.1,15.2,33.0,47.2,63.7,80.2,68.2,100.2,,4.1,1.239,0.345,,10.0,,,0.62,,3.6,,32.0,180.0,210.0,-0.02,0.52,-0.01,,0.0,0.0,999.0,0.73
SEQ_V4_TRAIN_EV-17-Tminus24h,EV-17,TR-DHARMAN-01,TR-DHARMAN-01,Tripura,North Tripura,24.375,92.165,2023-07-10T06:00:00+00:00,2023-07-13T06:00:00Z,2023-07-13T06:00:00Z,2023-07-13T06:00:00Z,72.0,6,66,0.083,HISTORICAL_DISCRETE_OBSERVATIONS,1,0,0,1,1,2023-07-13T06:00:00Z,2023-07-15T06:00:00+00:00,2023-07-14T06:00:00Z,HIGH,DOCUMENTED_HISTORICAL_GSI,[HISTORICAL],7.4,16.4,27.3,56.7,81.0,109.4,137.7,117.0,172.1,,7.4,1.154,0.391,,14.0,,,1.12,,7.2,,32.0,180.0,210.0,-0.02,0.52,-0.015,,0.0,0.0,999.0,0.73
SEQ_V4_TRAIN_EV-17-Tminus12h,EV-17,TR-DHARMAN-01,TR-DHARMAN-01,Tripura,North Tripura,24.375,92.165,2023-07-10T18:00:00+00:00,2023-07-13T18:00:00Z,2023-07-13T18:00:00Z,2023-07-13T18:00:00Z,72.0,6,66,0.083,HISTORICAL_DISCRETE_OBSERVATIONS,1,0,1,1,1,2023-07-13T18:00:00Z,2023-07-15T18:00:00+00:00,2023-07-14T06:00:00Z,HIGH,DOCUMENTED_HISTORICAL_GSI,[HISTORICAL],12.3,27.4,45.6,80.4,114.8,155.0,195.2,165.9,244.0,,12.3,1.077,0.437,,17.6,,,1.88,,14.4,,32.0,180.0,210.0,-0.02,0.52,-0.03,,0.0,0.0,999.0,0.73
SEQ_V4_TRAIN_EV-17-Tminus6h,EV-17,TR-DHARMAN-01,TR-DHARMAN-01,Tripura,North Tripura,24.375,92.165,2023-07-11T00:00:00+00:00,2023-07-14T00:00:00Z,2023-07-14T00:00:00Z,2023-07-14T00:00:00Z,72.0,6,66,0.083,HISTORICAL_DISCRETE_OBSERVATIONS,1,1,1,1,1,2023-07-14T00:00:00Z,2023-07-16T00:00:00+00:00,2023-07-14T06:00:00Z,HIGH,DOCUMENTED_HISTORICAL_GSI,[HISTORICAL],16.4,36.5,60.8,94.5,135.0,182.2,229.5,195.1,286.9,,16.4,1.026,0.46,,20.0,,,2.38,,20.4,,32.0,180.0,210.0,-0.02,0.52,-0.06,,0.0,0.0,999.0,0.73
SEQ_V4_TRAIN_CTRL-01,NONE,SK-NH10-KM48,SK-NH10-KM48,Sikkim,Pakyong,27.33,88.61,2023-01-12T12:00:00+00:00,2023-01-15T12:00:00Z,2023-01-15T12:00:00Z,2023-01-15T12:00:00Z,72.0,6,66,0.083,HISTORICAL_DISCRETE_OBSERVATIONS,0,0,0,0,0,2023-01-15T12:00:00Z,2023-01-17T12:00:00+00:00,NONE,CONTROL_VERIFIED,DOCUMENTED_HISTORICAL_GSI,[HISTORICAL],0.0,0.0,0.0,0.0,0.0,0.0,0.0,0.0,0.0,,0.0,1.096,0.22,,2.0,,,0.08,,0.2,,42.0,195.0,890.0,-0.06,0.65,0.0,,0.0,0.0,999.0,0.88
SEQ_V4_TRAIN_CTRL-02,NONE,SK-MANGAN-01,SK-MANGAN-01,Sikkim,Mangan,27.502,88.528,2023-02-07T12:00:00+00:00,2023-02-10T12:00:00Z,2023-02-10T12:00:00Z,2023-02-10T12:00:00Z,72.0,6,66,0.083,HISTORICAL_DISCRETE_OBSERVATIONS,0,0,0,0,0,2023-02-10T12:00:00Z,2023-02-12T12:00:00+00:00,NONE,CONTROL_VERIFIED,DOCUMENTED_HISTORICAL_GSI,[HISTORICAL],0.2,0.4,0.8,1.3,2.0,2.6,3.1,2.5,3.6,,0.2,1.034,0.24,,2.5,,,0.1,,0.3,,44.5,210.0,1250.0,-0.08,0.65,0.0,,0.0,0.0,999.0,0.92
SEQ_V4_TRAIN_CTRL-03,NONE,MN-NONEY-01,MN-NONEY-01,Manipur,Noney,24.7865,93.6394,2023-03-02T12:00:00+00:00,2023-03-05T12:00:00Z,2023-03-05T12:00:00Z,2023-03-05T12:00:00Z,72.0,6,66,0.083,HISTORICAL_DISCRETE_OBSERVATIONS,0,0,0,0,0,2023-03-05T12:00:00Z,2023-03-07T12:00:00+00:00,NONE,CONTROL_VERIFIED,DOCUMENTED_HISTORICAL_GSI,[HISTORICAL],0.0,0.0,0.0,0.0,0.0,0.0,0.0,0.0,0.0,,0.0,1.111,0.21,,1.8,,,0.07,,0.2,,41.5,225.0,640.0,-0.07,0.65,0.0,,0.0,0.0,999.0,0.85
SEQ_V4_TRAIN_CTRL-04,NONE,MZ-AIZAWL-MELTHUM,MZ-AIZAWL-MELTHUM,Mizoram,Aizawl,23.7271,92.7176,2023-01-17T12:00:00+00:00,2023-01-20T12:00:00Z,2023-01-20T12:00:00Z,2023-01-20T12:00:00Z,72.0,6,66,0.083,HISTORICAL_DISCRETE_OBSERVATIONS,0,0,0,0,0,2023-01-20T12:00:00Z,2023-01-22T12:00:00+00:00,NONE,CONTROL_VERIFIED,DOCUMENTED_HISTORICAL_GSI,[HISTORICAL],0.0,0.0,0.0,0.0,0.0,0.0,0.0,0.0,0.0,,0.0,1.044,0.2,,1.5,,,0.06,,0.2,,45.0,200.0,920.0,-0.09,0.65,0.0,,0.0,0.0,999.0,0.94
SEQ_V4_TRAIN_CTRL-05,NONE,AS-DIMA-HASAO-01,AS-DIMA-HASAO-01,Assam,Dima Hasao,25.178,93.023,2023-02-17T12:00:00+00:00,2023-02-20T12:00:00Z,2023-02-20T12:00:00Z,2023-02-20T12:00:00Z,72.0,6,66,0.083,HISTORICAL_DISCRETE_OBSERVATIONS,0,0,0,0,0,2023-02-20T12:00:00Z,2023-02-22T12:00:00+00:00,NONE,CONTROL_VERIFIED,DOCUMENTED_HISTORICAL_GSI,[HISTORICAL],0.0,0.0,0.0,0.0,0.0,0.0,0.0,0.0,0.0,,0.0,1.14,0.23,,2.2,,,0.09,,0.2,,40.0,185.0,510.0,-0.06,0.65,0.0,,0.0,0.0,999.0,0.91
SEQ_V4_TRAIN_CTRL-06,NONE,ML-MAWSYNRAM-01,ML-MAWSYNRAM-01,Meghalaya,East Khasi Hills,25.297,91.582,2023-01-25T12:00:00+00:00,2023-01-28T12:00:00Z,2023-01-28T12:00:00Z,2023-01-28T12:00:00Z,72.0,6,66,0.083,HISTORICAL_DISCRETE_OBSERVATIONS,0,0,0,0,0,2023-01-28T12:00:00Z,2023-01-30T12:00:00+00:00,NONE,CONTROL_VERIFIED,DOCUMENTED_HISTORICAL_GSI,[HISTORICAL],0.0,0.0,0.0,0.0,0.0,0.0,0.0,0.0,0.0,,0.0,1.026,0.2,,1.5,,,0.06,,0.1,,46.0,215.0,1400.0,-0.11,0.65,0.0,,0.0,0.0,999.0,0.95
SEQ_V4_TRAIN_CTRL-07,NONE,NL-KOHIMA-01,NL-KOHIMA-01,Nagaland,Kohima,25.675,94.108,2023-03-09T12:00:00+00:00,2023-03-12T12:00:00Z,2023-03-12T12:00:00Z,2023-03-12T12:00:00Z,72.0,6,66,0.083,HISTORICAL_DISCRETE_OBSERVATIONS,0,0,0,0,0,2023-03-12T12:00:00Z,2023-03-14T12:00:00+00:00,NONE,CONTROL_VERIFIED,DOCUMENTED_HISTORICAL_GSI,[HISTORICAL],0.2,0.4,0.8,1.3,2.0,2.6,3.1,2.5,3.6,,0.2,1.141,0.25,,2.8,,,0.11,,0.3,,39.5,190.0,1440.0,-0.05,0.65,0.0,,0.0,0.0,999.0,0.84
SEQ_V4_TRAIN_CTRL-08,NONE,AR-TAWANG-01,AR-TAWANG-01,Arunachal Pradesh,Tawang,27.586,91.859,2023-02-15T12:00:00+00:00,2023-02-18T12:00:00Z,2023-02-18T12:00:00Z,2023-02-18T12:00:00Z,72.0,6,66,0.083,HISTORICAL_DISCRETE_OBSERVATIONS,0,0,0,0,0,2023-02-18T12:00:00Z,2023-02-20T12:00:00+00:00,NONE,CONTROL_VERIFIED,DOCUMENTED_HISTORICAL_GSI,[HISTORICAL],0.0,0.0,0.0,0.0,0.0,0.0,0.0,0.0,0.0,,0.0,1.089,0.19,,1.2,,,0.05,,0.1,,43.0,220.0,2800.0,-0.07,0.65,0.0,,0.0,0.0,999.0,0.89
SEQ_V4_TRAIN_DB_AR-BHALUK-01_0000,NONE_DB_CONTROL,AR-BHALUK-01,Tawang Strategic Highway,Arunachal Pradesh,West Kameng,27.012,92.645,2026-09-13T03:00:00+00:00,2026-09-13T09:00:00+00:00,2026-09-13T09:00:00+00:00,2026-09-13T09:00:00+00:00,6.0,7,65,0.097,LIVE_TELEMETRY_HOURLY,0,0,0,0,0,2026-09-13T09:00:00+00:00,2026-09-15T09:00:00+00:00,NONE,CONTROL_OBSERVED_STABLE,AUTHENTIC_HOURLY_LIVE,[LIVE/HYBRID],,,,,11.1,,,,,,0.0,1.433,,,0.0,,,,,,0.17,,,,,,,,,4.2,,
SEQ_V4_TRAIN_DB_AR-BHALUK-01_0001,NONE_DB_CONTROL,AR-BHALUK-01,Tawang Strategic Highway,Arunachal Pradesh,West Kameng,27.012,92.645,2026-09-13T04:00:00+00:00,2026-09-13T10:00:00+00:00,2026-09-13T10:00:00+00:00,2026-09-13T10:00:00+00:00,6.0,11,61,0.153,LIVE_TELEMETRY_HOURLY,0,0,0,0,0,2026-09-13T10:00:00+00:00,2026-09-15T10:00:00+00:00,NONE,CONTROL_OBSERVED_STABLE,AUTHENTIC_HOURLY_LIVE,[LIVE/HYBRID],,,,,11.1,,,,,,0.0,1.433,,,0.0,,,,,,0.17,,,,,,,,,4.2,,
SEQ_V4_TRAIN_DB_AR-BHALUK-01_0002,NONE_DB_CONTROL,AR-BHALUK-01,Tawang Strategic Highway,Arunachal Pradesh,West Kameng,27.012,92.645,2026-09-13T05:00:00+00:00,2026-09-13T11:00:00+00:00,2026-09-13T11:00:00+00:00,2026-09-13T11:00:00+00:00,6.0,11,61,0.153,LIVE_TELEMETRY_HOURLY,0,0,0,0,0,2026-09-13T11:00:00+00:00,2026-09-15T11:00:00+00:00,NONE,CONTROL_OBSERVED_STABLE,AUTHENTIC_HOURLY_LIVE,[LIVE/HYBRID],,,,,11.1,,,,,,0.0,1.433,,,0.0,,,,,,0.17,,,,,,,,,4.2,,
SEQ_V4_TRAIN_DB_AR-BHALUK-01_0003,NONE_DB_CONTROL,AR-BHALUK-01,Tawang Strategic Highway,Arunachal Pradesh,West Kameng,27.012,92.645,2026-09-13T06:00:00+00:00,2026-09-13T12:00:00+00:00,2026-09-13T12:00:00+00:00,2026-09-13T12:00:00+00:00,6.0,10,62,0.139,LIVE_TELEMETRY_HOURLY,0,0,0,0,0,2026-09-13T12:00:00+00:00,2026-09-15T12:00:00+00:00,NONE,CONTROL_OBSERVED_STABLE,AUTHENTIC_HOURLY_LIVE,[LIVE/HYBRID],,,,,9.5,,,,,,0.0,1.433,,,0.0,,,,,,0.2,,,,,,,,,4.2,,
SEQ_V4_TRAIN_DB_AR-BHALUK-01_0004,NONE_DB_CONTROL,AR-BHALUK-01,Tawang Strategic Highway,Arunachal Pradesh,West Kameng,27.012,92.645,2026-09-13T12:00:00+00:00,2026-09-13T18:00:00+00:00,2026-09-13T18:00:00+00:00,2026-09-13T18:00:00+00:00,6.0,1,71,0.014,LIVE_TELEMETRY_HOURLY,0,0,0,0,0,2026-09-13T18:00:00+00:00,2026-09-15T18:00:00+00:00,NONE,CONTROL_OBSERVED_STABLE,AUTHENTIC_HOURLY_LIVE,[LIVE/HYBRID],,,,,91.8,,,,,,5.1,1.226,,,18.43,,,,,,1.61,,,,,,,,,5.2,,
SEQ_V4_TRAIN_DB_AR-BHALUK-01_0005,NONE_DB_CONTROL,AR-BHALUK-01,Tawang Strategic Highway,Arunachal Pradesh,West Kameng,27.012,92.645,2026-09-14T08:00:00+00:00,2026-09-14T14:00:00+00:00,2026-09-14T14:00:00+00:00,2026-09-14T14:00:00+00:00,6.0,1,71,0.014,LIVE_TELEMETRY_HOURLY,0,0,0,0,0,2026-09-14T14:00:00+00:00,2026-09-16T14:00:00+00:00,NONE,CONTROL_OBSERVED_STABLE,AUTHENTIC_HOURLY_LIVE,[LIVE/HYBRID],,,,,87.8,,,,,,4.88,1.237,,,17.47,,,,,,1.54,,,,,,,,,5.2,,
SEQ_V4_TRAIN_DB_AR-PASIGHAT-01_0006,NONE_DB_CONTROL,AR-PASIGHAT-01,NH-515 / Siang Valley,Arunachal Pradesh,East Siang,28.067,95.326,2026-09-13T03:00:00+00:00,2026-09-13T09:00:00+00:00,2026-09-13T09:00:00+00:00,2026-09-13T09:00:00+00:00,6.0,7,65,0.097,LIVE_TELEMETRY_HOURLY,0,0,0,0,0,2026-09-13T09:00:00+00:00,2026-09-15T09:00:00+00:00,NONE,CONTROL_OBSERVED_STABLE,AUTHENTIC_HOURLY_LIVE,[LIVE/HYBRID],,,,,2.3,,,,,,0.0,1.292,,,0.0,,,,,,0.13,,,,,,,,,4.2,,
SEQ_V4_TRAIN_DB_AR-PASIGHAT-01_0007,NONE_DB_CONTROL,AR-PASIGHAT-01,NH-515 / Siang Valley,Arunachal Pradesh,East Siang,28.067,95.326,2026-09-13T04:00:00+00:00,2026-09-13T10:00:00+00:00,2026-09-13T10:00:00+00:00,2026-09-13T10:00:00+00:00,6.0,11,61,0.153,LIVE_TELEMETRY_HOURLY,0,0,0,0,0,2026-09-13T10:00:00+00:00,2026-09-15T10:00:00+00:00,NONE,CONTROL_OBSERVED_STABLE,AUTHENTIC_HOURLY_LIVE,[LIVE/HYBRID],,,,,2.3,,,,,,0.0,1.292,,,0.0,,,,,,0.13,,,,,,,,,4.2,,
SEQ_V4_TRAIN_DB_AR-PASIGHAT-01_0008,NONE_DB_CONTROL,AR-PASIGHAT-01,NH-515 / Siang Valley,Arunachal Pradesh,East Siang,28.067,95.326,2026-09-13T05:00:00+00:00,2026-09-13T11:00:00+00:00,2026-09-13T11:00:00+00:00,2026-09-13T11:00:00+00:00,6.0,11,61,0.153,LIVE_TELEMETRY_HOURLY,0,0,0,0,0,2026-09-13T11:00:00+00:00,2026-09-15T11:00:00+00:00,NONE,CONTROL_OBSERVED_STABLE,AUTHENTIC_HOURLY_LIVE,[LIVE/HYBRID],,,,,2.3,,,,,,0.0,1.292,,,0.0,,,,,,0.13,,,,,,,,,4.2,,
SEQ_V4_TRAIN_DB_AR-PASIGHAT-01_0009,NONE_DB_CONTROL,AR-PASIGHAT-01,NH-515 / Siang Valley,Arunachal Pradesh,East Siang,28.067,95.326,2026-09-13T06:00:00+00:00,2026-09-13T12:00:00+00:00,2026-09-13T12:00:00+00:00,2026-09-13T12:00:00+00:00,6.0,10,62,0.139,LIVE_TELEMETRY_HOURLY,0,0,0,0,0,2026-09-13T12:00:00+00:00,2026-09-15T12:00:00+00:00,NONE,CONTROL_OBSERVED_STABLE,AUTHENTIC_HOURLY_LIVE,[LIVE/HYBRID],,,,,2.6,,,,,,0.0,1.292,,,0.0,,,,,,0.17,,,,,,,,,4.2,,
SEQ_V4_TRAIN_DB_AR-PASIGHAT-01_0010,NONE_DB_CONTROL,AR-PASIGHAT-01,NH-515 / Siang Valley,Arunachal Pradesh,East Siang,28.067,95.326,2026-09-13T12:00:00+00:00,2026-09-13T18:00:00+00:00,2026-09-13T18:00:00+00:00,2026-09-13T18:00:00+00:00,6.0,1,71,0.014,LIVE_TELEMETRY_HOURLY,0,0,0,0,0,2026-09-13T18:00:00+00:00,2026-09-15T18:00:00+00:00,NONE,CONTROL_OBSERVED_STABLE,AUTHENTIC_HOURLY_LIVE,[LIVE/HYBRID],,,,,70.2,,,,,,3.9,1.145,,,13.25,,,,,,1.23,,,,,,,,,5.2,,
SEQ_V4_TRAIN_DB_AR-PASIGHAT-01_0011,NONE_DB_CONTROL,AR-PASIGHAT-01,NH-515 / Siang Valley,Arunachal Pradesh,East Siang,28.067,95.326,2026-09-14T08:00:00+00:00,2026-09-14T14:00:00+00:00,2026-09-14T14:00:00+00:00,2026-09-14T14:00:00+00:00,6.0,1,71,0.014,LIVE_TELEMETRY_HOURLY,0,0,0,0,0,2026-09-14T14:00:00+00:00,2026-09-16T14:00:00+00:00,NONE,CONTROL_OBSERVED_STABLE,AUTHENTIC_HOURLY_LIVE,[LIVE/HYBRID],,,,,66.2,,,,,,3.68,1.156,,,12.29,,,,,,1.16,,,,,,,,,5.2,,
SEQ_V4_TRAIN_DB_AR-SELA-01_0012,NONE_DB_CONTROL,AR-SELA-01,NH-13,Arunachal Pradesh,Tawang,27.505,92.102,2026-09-13T03:00:00+00:00,2026-09-13T09:00:00+00:00,2026-09-13T09:00:00+00:00,2026-09-13T09:00:00+00:00,6.0,7,65,0.097,LIVE_TELEMETRY_HOURLY,0,0,0,0,0,2026-09-13T09:00:00+00:00,2026-09-15T09:00:00+00:00,NONE,CONTROL_OBSERVED_STABLE,AUTHENTIC_HOURLY_LIVE,[LIVE/HYBRID],,,,,16.8,,,,,,0.0,2.326,,,0.43,,,,,,0.16,,,,,,,,,4.2,,
SEQ_V4_TRAIN_DB_AR-SELA-01_0013,NONE_DB_CONTROL,AR-SELA-01,NH-13,Arunachal Pradesh,Tawang,27.505,92.102,2026-09-13T04:00:00+00:00,2026-09-13T10:00:00+00:00,2026-09-13T10:00:00+00:00,2026-09-13T10:00:00+00:00,6.0,11,61,0.153,LIVE_TELEMETRY_HOURLY,0,0,0,0,0,2026-09-13T10:00:00+00:00,2026-09-15T10:00:00+00:00,NONE,CONTROL_OBSERVED_STABLE,AUTHENTIC_HOURLY_LIVE,[LIVE/HYBRID],,,,,16.8,,,,,,0.0,2.326,,,0.43,,,,,,0.16,,,,,,,,,4.2,,
SEQ_V4_TRAIN_DB_AR-SELA-01_0014,NONE_DB_CONTROL,AR-SELA-01,NH-13,Arunachal Pradesh,Tawang,27.505,92.102,2026-09-13T05:00:00+00:00,2026-09-13T11:00:00+00:00,2026-09-13T11:00:00+00:00,2026-09-13T11:00:00+00:00,6.0,11,61,0.153,LIVE_TELEMETRY_HOURLY,0,0,0,0,0,2026-09-13T11:00:00+00:00,2026-09-15T11:00:00+00:00,NONE,CONTROL_OBSERVED_STABLE,AUTHENTIC_HOURLY_LIVE,[LIVE/HYBRID],,,,,16.8,,,,,,0.0,2.326,,,0.43,,,,,,0.16,,,,,,,,,4.2,,
SEQ_V4_TRAIN_DB_AR-SELA-01_0015,NONE_DB_CONTROL,AR-SELA-01,NH-13,Arunachal Pradesh,Tawang,27.505,92.102,2026-09-13T06:00:00+00:00,2026-09-13T12:00:00+00:00,2026-09-13T12:00:00+00:00,2026-09-13T12:00:00+00:00,6.0,10,62,0.139,LIVE_TELEMETRY_HOURLY,0,0,0,0,0,2026-09-13T12:00:00+00:00,2026-09-15T12:00:00+00:00,NONE,CONTROL_OBSERVED_STABLE,AUTHENTIC_HOURLY_LIVE,[LIVE/HYBRID],,,,,15.0,,,,,,0.0,2.336,,,0.0,,,,,,0.14,,,,,,,,,4.2,,
SEQ_V4_TRAIN_DB_AR-SELA-01_0016,NONE_DB_CONTROL,AR-SELA-01,NH-13,Arunachal Pradesh,Tawang,27.505,92.102,2026-09-13T12:00:00+00:00,2026-09-13T18:00:00+00:00,2026-09-13T18:00:00+00:00,2026-09-13T18:00:00+00:00,6.0,1,71,0.014,LIVE_TELEMETRY_HOURLY,0,0,0,0,0,2026-09-13T18:00:00+00:00,2026-09-15T18:00:00+00:00,NONE,CONTROL_OBSERVED_STABLE,AUTHENTIC_HOURLY_LIVE,[LIVE/HYBRID],,,,,84.6,,,,,,4.7,1.966,,,16.7,,,,,,1.48,,,,,,,,,5.2,,
SEQ_V4_TRAIN_DB_AR-SELA-01_0017,NONE_DB_CONTROL,AR-SELA-01,NH-13,Arunachal Pradesh,Tawang,27.505,92.102,2026-09-14T08:00:00+00:00,2026-09-14T14:00:00+00:00,2026-09-14T14:00:00+00:00,2026-09-14T14:00:00+00:00,6.0,1,71,0.014,LIVE_TELEMETRY_HOURLY,0,0,0,0,0,2026-09-14T14:00:00+00:00,2026-09-16T14:00:00+00:00,NONE,CONTROL_OBSERVED_STABLE,AUTHENTIC_HOURLY_LIVE,[LIVE/HYBRID],,,,,80.6,,,,,,4.48,1.988,,,15.74,,,,,,1.41,,,,,,,,,5.2,,
SEQ_V4_TRAIN_DB_AS-DIMA-01_0018,NONE_DB_CONTROL,AS-DIMA-01,Lumding-Badarpur Hill Section,Assam,Dima Hasao,25.178,93.023,2026-09-13T03:00:00+00:00,2026-09-13T09:00:00+00:00,2026-09-13T09:00:00+00:00,2026-09-13T09:00:00+00:00,6.0,7,65,0.097,LIVE_TELEMETRY_HOURLY,0,0,0,0,0,2026-09-13T09:00:00+00:00,2026-09-15T09:00:00+00:00,NONE,CONTROL_OBSERVED_STABLE,AUTHENTIC_HOURLY_LIVE,[LIVE/HYBRID],,,,,4.3,,,,,,0.0,1.126,,,0.0,,,,,,0.07,,,,,,,,,4.2,,
SEQ_V4_TRAIN_DB_AS-DIMA-01_0019,NONE_DB_CONTROL,AS-DIMA-01,Lumding-Badarpur Hill Section,Assam,Dima Hasao,25.178,93.023,2026-09-13T04:00:00+00:00,2026-09-13T10:00:00+00:00,2026-09-13T10:00:00+00:00,2026-09-13T10:00:00+00:00,6.0,11,61,0.153,LIVE_TELEMETRY_HOURLY,0,0,0,0,0,2026-09-13T10:00:00+00:00,2026-09-15T10:00:00+00:00,NONE,CONTROL_OBSERVED_STABLE,AUTHENTIC_HOURLY_LIVE,[LIVE/HYBRID],,,,,4.3,,,,,,0.0,1.126,,,0.0,,,,,,0.07,,,,,,,,,4.2,,
SEQ_V4_TRAIN_DB_AS-DIMA-01_0020,NONE_DB_CONTROL,AS-DIMA-01,Lumding-Badarpur Hill Section,Assam,Dima Hasao,25.178,93.023,2026-09-13T05:00:00+00:00,2026-09-13T11:00:00+00:00,2026-09-13T11:00:00+00:00,2026-09-13T11:00:00+00:00,6.0,11,61,0.153,LIVE_TELEMETRY_HOURLY,0,0,0,0,0,2026-09-13T11:00:00+00:00,2026-09-15T11:00:00+00:00,NONE,CONTROL_OBSERVED_STABLE,AUTHENTIC_HOURLY_LIVE,[LIVE/HYBRID],,,,,4.3,,,,,,0.0,1.126,,,0.0,,,,,,0.07,,,,,,,,,4.2,,
SEQ_V4_TRAIN_DB_AS-DIMA-01_0021,NONE_DB_CONTROL,AS-DIMA-01,Lumding-Badarpur Hill Section,Assam,Dima Hasao,25.178,93.023,2026-09-13T06:00:00+00:00,2026-09-13T12:00:00+00:00,2026-09-13T12:00:00+00:00,2026-09-13T12:00:00+00:00,6.0,10,62,0.139,LIVE_TELEMETRY_HOURLY,0,0,0,0,0,2026-09-13T12:00:00+00:00,2026-09-15T12:00:00+00:00,NONE,CONTROL_OBSERVED_STABLE,AUTHENTIC_HOURLY_LIVE,[LIVE/HYBRID],,,,,5.3,,,,,,0.0,1.126,,,0.0,,,,,,0.08,,,,,,,,,4.2,,
SEQ_V4_TRAIN_DB_AS-DIMA-01_0022,NONE_DB_CONTROL,AS-DIMA-01,Lumding-Badarpur Hill Section,Assam,Dima Hasao,25.178,93.023,2026-09-13T12:00:00+00:00,2026-09-13T18:00:00+00:00,2026-09-13T18:00:00+00:00,2026-09-13T18:00:00+00:00,6.0,1,71,0.014,LIVE_TELEMETRY_HOURLY,0,0,0,0,0,2026-09-13T18:00:00+00:00,2026-09-15T18:00:00+00:00,NONE,CONTROL_OBSERVED_STABLE,AUTHENTIC_HOURLY_LIVE,[LIVE/HYBRID],,,,,117.0,,,,,,6.5,0.901,,,24.48,,,,,,2.05,,,,,,,,,5.2,,
SEQ_V4_TRAIN_DB_AS-DIMA-01_0023,NONE_DB_CONTROL,AS-DIMA-01,Lumding-Badarpur Hill Section,Assam,Dima Hasao,25.178,93.023,2026-09-14T08:00:00+00:00,2026-09-14T14:00:00+00:00,2026-09-14T14:00:00+00:00,2026-09-14T14:00:00+00:00,6.0,1,71,0.014,LIVE_TELEMETRY_HOURLY,0,0,0,0,0,2026-09-14T14:00:00+00:00,2026-09-16T14:00:00+00:00,NONE,CONTROL_OBSERVED_STABLE,AUTHENTIC_HOURLY_LIVE,[LIVE/HYBRID],,,,,113.8,,,,,,6.32,0.908,,,23.71,,,,,,1.99,,,,,,,,,5.2,,
SEQ_V4_TRAIN_DB_AS-GUWAHATI-01_0024,NONE_DB_CONTROL,AS-GUWAHATI-01,Guwahati Urban Rim,Assam,Kamrup Metropolitan,26.142,91.776,2026-09-13T03:00:00+00:00,2026-09-13T09:00:00+00:00,2026-09-13T09:00:00+00:00,2026-09-13T09:00:00+00:00,6.0,7,65,0.097,LIVE_TELEMETRY_HOURLY,0,0,0,0,0,2026-09-13T09:00:00+00:00,2026-09-15T09:00:00+00:00,NONE,CONTROL_OBSERVED_STABLE,AUTHENTIC_HOURLY_LIVE,[LIVE/HYBRID],,,,,24.7,,,,,,0.0,2.284,,,2.33,,,,,,0.37,,,,,,,,,4.2,,
SEQ_V4_TRAIN_DB_AS-GUWAHATI-01_0025,NONE_DB_CONTROL,AS-GUWAHATI-01,Guwahati Urban Rim,Assam,Kamrup Metropolitan,26.142,91.776,2026-09-13T04:00:00+00:00,2026-09-13T10:00:00+00:00,2026-09-13T10:00:00+00:00,2026-09-13T10:00:00+00:00,6.0,11,61,0.153,LIVE_TELEMETRY_HOURLY,0,0,0,0,0,2026-09-13T10:00:00+00:00,2026-09-15T10:00:00+00:00,NONE,CONTROL_OBSERVED_STABLE,AUTHENTIC_HOURLY_LIVE,[LIVE/HYBRID],,,,,24.7,,,,,,0.0,2.284,,,2.33,,,,,,0.37,,,,,,,,,4.2,,
SEQ_V4_TRAIN_DB_AS-GUWAHATI-01_0026,NONE_DB_CONTROL,AS-GUWAHATI-01,Guwahati Urban Rim,Assam,Kamrup Metropolitan,26.142,91.776,2026-09-13T05:00:00+00:00,2026-09-13T11:00:00+00:00,2026-09-13T11:00:00+00:00,2026-09-13T11:00:00+00:00,6.0,11,61,0.153,LIVE_TELEMETRY_HOURLY,0,0,0,0,0,2026-09-13T11:00:00+00:00,2026-09-15T11:00:00+00:00,NONE,CONTROL_OBSERVED_STABLE,AUTHENTIC_HOURLY_LIVE,[LIVE/HYBRID],,,,,24.7,,,,,,0.0,2.284,,,2.33,,,,,,0.37,,,,,,,,,4.2,,
SEQ_V4_TRAIN_DB_AS-GUWAHATI-01_0027,NONE_DB_CONTROL,AS-GUWAHATI-01,Guwahati Urban Rim,Assam,Kamrup Metropolitan,26.142,91.776,2026-09-13T06:00:00+00:00,2026-09-13T12:00:00+00:00,2026-09-13T12:00:00+00:00,2026-09-13T12:00:00+00:00,6.0,10,62,0.139,LIVE_TELEMETRY_HOURLY,0,0,0,0,0,2026-09-13T12:00:00+00:00,2026-09-15T12:00:00+00:00,NONE,CONTROL_OBSERVED_STABLE,AUTHENTIC_HOURLY_LIVE,[LIVE/HYBRID],,,,,19.4,,,,,,0.0,2.312,,,1.06,,,,,,0.25,,,,,,,,,4.2,,
SEQ_V4_TRAIN_DB_AS-GUWAHATI-01_0028,NONE_DB_CONTROL,AS-GUWAHATI-01,Guwahati Urban Rim,Assam,Kamrup Metropolitan,26.142,91.776,2026-09-13T12:00:00+00:00,2026-09-13T18:00:00+00:00,2026-09-13T18:00:00+00:00,2026-09-13T18:00:00+00:00,6.0,1,71,0.014,LIVE_TELEMETRY_HOURLY,0,0,0,0,0,2026-09-13T18:00:00+00:00,2026-09-15T18:00:00+00:00,NONE,CONTROL_OBSERVED_STABLE,AUTHENTIC_HOURLY_LIVE,[LIVE/HYBRID],,,,,96.6,,,,,,5.37,1.903,,,19.58,,,,,,1.69,,,,,,,,,5.2,,
SEQ_V4_TRAIN_DB_AS-GUWAHATI-01_0029,NONE_DB_CONTROL,AS-GUWAHATI-01,Guwahati Urban Rim,Assam,Kamrup Metropolitan,26.142,91.776,2026-09-14T08:00:00+00:00,2026-09-14T14:00:00+00:00,2026-09-14T14:00:00+00:00,2026-09-14T14:00:00+00:00,6.0,1,71,0.014,LIVE_TELEMETRY_HOURLY,0,0,0,0,0,2026-09-14T14:00:00+00:00,2026-09-16T14:00:00+00:00,NONE,CONTROL_OBSERVED_STABLE,AUTHENTIC_HOURLY_LIVE,[LIVE/HYBRID],,,,,93.4,,,,,,5.19,1.919,,,18.82,,,,,,1.63,,,,,,,,,5.2,,
SEQ_V4_TRAIN_DB_ML-CHERRA-01_0030,NONE_DB_CONTROL,ML-CHERRA-01,Sohra-Shella Corridor,Meghalaya,East Khasi Hills,25.275,91.732,2026-09-13T03:00:00+00:00,2026-09-13T09:00:00+00:00,2026-09-13T09:00:00+00:00,2026-09-13T09:00:00+00:00,6.0,7,65,0.097,LIVE_TELEMETRY_HOURLY,0,0,0,0,0,2026-09-13T09:00:00+00:00,2026-09-15T09:00:00+00:00,NONE,CONTROL_OBSERVED_STABLE,AUTHENTIC_HOURLY_LIVE,[LIVE/HYBRID],,,,,18.0,,,,,,0.1,1.621,,,0.72,,,,,,0.24,,,,,,,,,4.2,,
SEQ_V4_TRAIN_DB_ML-CHERRA-01_0031,NONE_DB_CONTROL,ML-CHERRA-01,Sohra-Shella Corridor,Meghalaya,East Khasi Hills,25.275,91.732,2026-09-13T04:00:00+00:00,2026-09-13T10:00:00+00:00,2026-09-13T10:00:00+00:00,2026-09-13T10:00:00+00:00,6.0,11,61,0.153,LIVE_TELEMETRY_HOURLY,0,0,0,0,0,2026-09-13T10:00:00+00:00,2026-09-15T10:00:00+00:00,NONE,CONTROL_OBSERVED_STABLE,AUTHENTIC_HOURLY_LIVE,[LIVE/HYBRID],,,,,18.0,,,,,,0.1,1.621,,,0.72,,,,,,0.24,,,,,,,,,4.2,,
SEQ_V4_TRAIN_DB_ML-CHERRA-01_0032,NONE_DB_CONTROL,ML-CHERRA-01,Sohra-Shella Corridor,Meghalaya,East Khasi Hills,25.275,91.732,2026-09-13T05:00:00+00:00,2026-09-13T11:00:00+00:00,2026-09-13T11:00:00+00:00,2026-09-13T11:00:00+00:00,6.0,11,61,0.153,LIVE_TELEMETRY_HOURLY,0,0,0,0,0,2026-09-13T11:00:00+00:00,2026-09-15T11:00:00+00:00,NONE,CONTROL_OBSERVED_STABLE,AUTHENTIC_HOURLY_LIVE,[LIVE/HYBRID],,,,,18.0,,,,,,0.3,1.621,,,0.72,,,,,,0.24,,,,,,,,,4.2,,
SEQ_V4_TRAIN_DB_ML-CHERRA-01_0033,NONE_DB_CONTROL,ML-CHERRA-01,Sohra-Shella Corridor,Meghalaya,East Khasi Hills,25.275,91.732,2026-09-13T06:00:00+00:00,2026-09-13T12:00:00+00:00,2026-09-13T12:00:00+00:00,2026-09-13T12:00:00+00:00,6.0,10,62,0.139,LIVE_TELEMETRY_HOURLY,0,0,0,0,0,2026-09-13T12:00:00+00:00,2026-09-15T12:00:00+00:00,NONE,CONTROL_OBSERVED_STABLE,AUTHENTIC_HOURLY_LIVE,[LIVE/HYBRID],,,,,18.0,,,,,,0.1,1.621,,,0.72,,,,,,0.24,,,,,,,,,4.2,,
SEQ_V4_TRAIN_DB_ML-CHERRA-01_0034,NONE_DB_CONTROL,ML-CHERRA-01,Sohra-Shella Corridor,Meghalaya,East Khasi Hills,25.275,91.732,2026-09-13T12:00:00+00:00,2026-09-13T18:00:00+00:00,2026-09-13T18:00:00+00:00,2026-09-13T18:00:00+00:00,6.0,1,71,0.014,LIVE_TELEMETRY_HOURLY,0,0,0,0,0,2026-09-13T18:00:00+00:00,2026-09-15T18:00:00+00:00,NONE,CONTROL_OBSERVED_STABLE,AUTHENTIC_HOURLY_LIVE,[LIVE/HYBRID],,,,,112.2,,,,,,6.23,1.315,,,23.33,,,,,,1.96,,,,,,,,,5.2,,
SEQ_V4_TRAIN_DB_ML-CHERRA-01_0035,NONE_DB_CONTROL,ML-CHERRA-01,Sohra-Shella Corridor,Meghalaya,East Khasi Hills,25.275,91.732,2026-09-14T08:00:00+00:00,2026-09-14T14:00:00+00:00,2026-09-14T14:00:00+00:00,2026-09-14T14:00:00+00:00,6.0,1,71,0.014,LIVE_TELEMETRY_HOURLY,0,0,0,0,0,2026-09-14T14:00:00+00:00,2026-09-16T14:00:00+00:00,NONE,CONTROL_OBSERVED_STABLE,AUTHENTIC_HOURLY_LIVE,[LIVE/HYBRID],,,,,108.2,,,,,,6.01,1.328,,,22.37,,,,,,1.89,,,,,,,,,5.2,,
SEQ_V4_TRAIN_DB_ML-SONAPUR-01_0036,NONE_DB_CONTROL,ML-SONAPUR-01,NH-06 Barak Valley Lifeline,Meghalaya,East Jaintia Hills,25.105,92.362,2026-09-13T03:00:00+00:00,2026-09-13T09:00:00+00:00,2026-09-13T09:00:00+00:00,2026-09-13T09:00:00+00:00,6.0,7,65,0.097,LIVE_TELEMETRY_HOURLY,0,0,0,0,0,2026-09-13T09:00:00+00:00,2026-09-15T09:00:00+00:00,NONE,CONTROL_OBSERVED_STABLE,AUTHENTIC_HOURLY_LIVE,[LIVE/HYBRID],,,,,3.7,,,,,,0.0,1.433,,,0.0,,,,,,0.09,,,,,,,,,4.2,,
SEQ_V4_TRAIN_DB_ML-SONAPUR-01_0037,NONE_DB_CONTROL,ML-SONAPUR-01,NH-06 Barak Valley Lifeline,Meghalaya,East Jaintia Hills,25.105,92.362,2026-09-13T04:00:00+00:00,2026-09-13T10:00:00+00:00,2026-09-13T10:00:00+00:00,2026-09-13T10:00:00+00:00,6.0,11,61,0.153,LIVE_TELEMETRY_HOURLY,0,0,0,0,0,2026-09-13T10:00:00+00:00,2026-09-15T10:00:00+00:00,NONE,CONTROL_OBSERVED_STABLE,AUTHENTIC_HOURLY_LIVE,[LIVE/HYBRID],,,,,3.7,,,,,,0.0,1.433,,,0.0,,,,,,0.09,,,,,,,,,4.2,,
SEQ_V4_TRAIN_DB_ML-SONAPUR-01_0038,NONE_DB_CONTROL,ML-SONAPUR-01,NH-06 Barak Valley Lifeline,Meghalaya,East Jaintia Hills,25.105,92.362,2026-09-13T05:00:00+00:00,2026-09-13T11:00:00+00:00,2026-09-13T11:00:00+00:00,2026-09-13T11:00:00+00:00,6.0,11,61,0.153,LIVE_TELEMETRY_HOURLY,0,0,0,0,0,2026-09-13T11:00:00+00:00,2026-09-15T11:00:00+00:00,NONE,CONTROL_OBSERVED_STABLE,AUTHENTIC_HOURLY_LIVE,[LIVE/HYBRID],,,,,3.7,,,,,,0.0,1.433,,,0.0,,,,,,0.09,,,,,,,,,4.2,,
SEQ_V4_TRAIN_DB_ML-SONAPUR-01_0039,NONE_DB_CONTROL,ML-SONAPUR-01,NH-06 Barak Valley Lifeline,Meghalaya,East Jaintia Hills,25.105,92.362,2026-09-13T06:00:00+00:00,2026-09-13T12:00:00+00:00,2026-09-13T12:00:00+00:00,2026-09-13T12:00:00+00:00,6.0,10,62,0.139,LIVE_TELEMETRY_HOURLY,0,0,0,0,0,2026-09-13T12:00:00+00:00,2026-09-15T12:00:00+00:00,NONE,CONTROL_OBSERVED_STABLE,AUTHENTIC_HOURLY_LIVE,[LIVE/HYBRID],,,,,3.3,,,,,,0.0,1.433,,,0.0,,,,,,0.12,,,,,,,,,4.2,,
SEQ_V4_TRAIN_DB_ML-SONAPUR-01_0040,NONE_DB_CONTROL,ML-SONAPUR-01,NH-06 Barak Valley Lifeline,Meghalaya,East Jaintia Hills,25.105,92.362,2026-09-13T12:00:00+00:00,2026-09-13T18:00:00+00:00,2026-09-13T18:00:00+00:00,2026-09-13T18:00:00+00:00,6.0,1,71,0.014,LIVE_TELEMETRY_HOURLY,0,0,0,0,0,2026-09-13T18:00:00+00:00,2026-09-15T18:00:00+00:00,NONE,CONTROL_OBSERVED_STABLE,AUTHENTIC_HOURLY_LIVE,[LIVE/HYBRID],,,,,100.2,,,,,,5.57,1.203,,,20.45,,,,,,1.75,,,,,,,,,5.2,,
SEQ_V4_TRAIN_DB_ML-SONAPUR-01_0041,NONE_DB_CONTROL,ML-SONAPUR-01,NH-06 Barak Valley Lifeline,Meghalaya,East Jaintia Hills,25.105,92.362,2026-09-14T08:00:00+00:00,2026-09-14T14:00:00+00:00,2026-09-14T14:00:00+00:00,2026-09-14T14:00:00+00:00,6.0,1,71,0.014,LIVE_TELEMETRY_HOURLY,0,0,0,0,0,2026-09-14T14:00:00+00:00,2026-09-16T14:00:00+00:00,NONE,CONTROL_OBSERVED_STABLE,AUTHENTIC_HOURLY_LIVE,[LIVE/HYBRID],,,,,96.2,,,,,,5.34,1.214,,,19.49,,,,,,1.68,,,,,,,,,5.2,,
SEQ_V4_TRAIN_DB_MN-JIRIBAM-01_0042,NONE_DB_CONTROL,MN-JIRIBAM-01,NH-37 Lifeline,Manipur,Tamenglong,24.802,93.421,2026-09-13T03:00:00+00:00,2026-09-13T09:00:00+00:00,2026-09-13T09:00:00+00:00,2026-09-13T09:00:00+00:00,6.0,7,65,0.097,LIVE_TELEMETRY_HOURLY,0,0,0,0,0,2026-09-13T09:00:00+00:00,2026-09-15T09:00:00+00:00,NONE,CONTROL_OBSERVED_STABLE,AUTHENTIC_HOURLY_LIVE,[LIVE/HYBRID],,,,,3.6,,,,,,0.1,1.631,,,0.0,,,,,,0.1,,,,,,,,,4.2,,
SEQ_V4_TRAIN_DB_MN-JIRIBAM-01_0043,NONE_DB_CONTROL,MN-JIRIBAM-01,NH-37 Lifeline,Manipur,Tamenglong,24.802,93.421,2026-09-13T04:00:00+00:00,2026-09-13T10:00:00+00:00,2026-09-13T10:00:00+00:00,2026-09-13T10:00:00+00:00,6.0,11,61,0.153,LIVE_TELEMETRY_HOURLY,0,0,0,0,0,2026-09-13T10:00:00+00:00,2026-09-15T10:00:00+00:00,NONE,CONTROL_OBSERVED_STABLE,AUTHENTIC_HOURLY_LIVE,[LIVE/HYBRID],,,,,3.6,,,,,,0.1,1.631,,,0.0,,,,,,0.1,,,,,,,,,4.2,,
SEQ_V4_TRAIN_DB_MN-JIRIBAM-01_0044,NONE_DB_CONTROL,MN-JIRIBAM-01,NH-37 Lifeline,Manipur,Tamenglong,24.802,93.421,2026-09-13T05:00:00+00:00,2026-09-13T11:00:00+00:00,2026-09-13T11:00:00+00:00,2026-09-13T11:00:00+00:00,6.0,11,61,0.153,LIVE_TELEMETRY_HOURLY,0,0,0,0,0,2026-09-13T11:00:00+00:00,2026-09-15T11:00:00+00:00,NONE,CONTROL_OBSERVED_STABLE,AUTHENTIC_HOURLY_LIVE,[LIVE/HYBRID],,,,,3.6,,,,,,0.0,1.631,,,0.0,,,,,,0.1,,,,,,,,,4.2,,
SEQ_V4_TRAIN_DB_MN-JIRIBAM-01_0045,NONE_DB_CONTROL,MN-JIRIBAM-01,NH-37 Lifeline,Manipur,Tamenglong,24.802,93.421,2026-09-13T06:00:00+00:00,2026-09-13T12:00:00+00:00,2026-09-13T12:00:00+00:00,2026-09-13T12:00:00+00:00,6.0,10,62,0.139,LIVE_TELEMETRY_HOURLY,0,0,0,0,0,2026-09-13T12:00:00+00:00,2026-09-15T12:00:00+00:00,NONE,CONTROL_OBSERVED_STABLE,AUTHENTIC_HOURLY_LIVE,[LIVE/HYBRID],,,,,3.6,,,,,,0.0,1.631,,,0.0,,,,,,0.13,,,,,,,,,4.2,,
SEQ_V4_TRAIN_DB_MN-JIRIBAM-01_0046,NONE_DB_CONTROL,MN-JIRIBAM-01,NH-37 Lifeline,Manipur,Tamenglong,24.802,93.421,2026-09-13T12:00:00+00:00,2026-09-13T18:00:00+00:00,2026-09-13T18:00:00+00:00,2026-09-13T18:00:00+00:00,6.0,1,71,0.014,LIVE_TELEMETRY_HOURLY,0,0,0,0,0,2026-09-13T18:00:00+00:00,2026-09-15T18:00:00+00:00,NONE,CONTROL_OBSERVED_STABLE,AUTHENTIC_HOURLY_LIVE,[LIVE/HYBRID],,,,,76.2,,,,,,4.23,1.432,,,14.69,,,,,,1.33,,,,,,,,,5.2,,
SEQ_V4_TRAIN_DB_MN-JIRIBAM-01_0047,NONE_DB_CONTROL,MN-JIRIBAM-01,NH-37 Lifeline,Manipur,Tamenglong,24.802,93.421,2026-09-14T08:00:00+00:00,2026-09-14T14:00:00+00:00,2026-09-14T14:00:00+00:00,2026-09-14T14:00:00+00:00,6.0,1,71,0.014,LIVE_TELEMETRY_HOURLY,0,0,0,0,0,2026-09-14T14:00:00+00:00,2026-09-16T14:00:00+00:00,NONE,CONTROL_OBSERVED_STABLE,AUTHENTIC_HOURLY_LIVE,[LIVE/HYBRID],,,,,72.2,,,,,,4.01,1.445,,,13.73,,,,,,1.26,,,,,,,,,5.2,,
SEQ_V4_TRAIN_DB_MN-TUPUL-01_0048,NONE_DB_CONTROL,MN-TUPUL-01,Jiribam-Imphal Railway,Manipur,Noney,24.818,93.635,2026-09-13T03:00:00+00:00,2026-09-13T09:00:00+00:00,2026-09-13T09:00:00+00:00,2026-09-13T09:00:00+00:00,6.0,7,65,0.097,LIVE_TELEMETRY_HOURLY,0,0,0,0,0,2026-09-13T09:00:00+00:00,2026-09-15T09:00:00+00:00,NONE,CONTROL_OBSERVED_STABLE,AUTHENTIC_HOURLY_LIVE,[LIVE/HYBRID],,,,,1.7,,,,,,0.0,1.126,,,0.0,,,,,,0.07,,,,,,,,,4.2,,
SEQ_V4_TRAIN_DB_MN-TUPUL-01_0049,NONE_DB_CONTROL,MN-TUPUL-01,Jiribam-Imphal Railway,Manipur,Noney,24.818,93.635,2026-09-13T04:00:00+00:00,2026-09-13T10:00:00+00:00,2026-09-13T10:00:00+00:00,2026-09-13T10:00:00+00:00,6.0,11,61,0.153,LIVE_TELEMETRY_HOURLY,0,0,0,0,0,2026-09-13T10:00:00+00:00,2026-09-15T10:00:00+00:00,NONE,CONTROL_OBSERVED_STABLE,AUTHENTIC_HOURLY_LIVE,[LIVE/HYBRID],,,,,1.7,,,,,,0.0,1.126,,,0.0,,,,,,0.07,,,,,,,,,4.2,,
SEQ_V4_TRAIN_DB_MN-TUPUL-01_0050,NONE_DB_CONTROL,MN-TUPUL-01,Jiribam-Imphal Railway,Manipur,Noney,24.818,93.635,2026-09-13T05:00:00+00:00,2026-09-13T11:00:00+00:00,2026-09-13T11:00:00+00:00,2026-09-13T11:00:00+00:00,6.0,11,61,0.153,LIVE_TELEMETRY_HOURLY,0,0,0,0,0,2026-09-13T11:00:00+00:00,2026-09-15T11:00:00+00:00,NONE,CONTROL_OBSERVED_STABLE,AUTHENTIC_HOURLY_LIVE,[LIVE/HYBRID],,,,,1.7,,,,,,0.0,1.126,,,0.0,,,,,,0.07,,,,,,,,,4.2,,
SEQ_V4_TRAIN_DB_MN-TUPUL-01_0051,NONE_DB_CONTROL,MN-TUPUL-01,Jiribam-Imphal Railway,Manipur,Noney,24.818,93.635,2026-09-13T06:00:00+00:00,2026-09-13T12:00:00+00:00,2026-09-13T12:00:00+00:00,2026-09-13T12:00:00+00:00,6.0,10,62,0.139,LIVE_TELEMETRY_HOURLY,0,0,0,0,0,2026-09-13T12:00:00+00:00,2026-09-15T12:00:00+00:00,NONE,CONTROL_OBSERVED_STABLE,AUTHENTIC_HOURLY_LIVE,[LIVE/HYBRID],,,,,1.9,,,,,,0.0,1.126,,,0.0,,,,,,0.06,,,,,,,,,4.2,,
SEQ_V4_TRAIN_DB_MN-TUPUL-01_0052,NONE_DB_CONTROL,MN-TUPUL-01,Jiribam-Imphal Railway,Manipur,Noney,24.818,93.635,2026-09-13T12:00:00+00:00,2026-09-13T18:00:00+00:00,2026-09-13T18:00:00+00:00,2026-09-13T18:00:00+00:00,6.0,1,71,0.014,LIVE_TELEMETRY_HOURLY,0,0,0,0,0,2026-09-13T18:00:00+00:00,2026-09-15T18:00:00+00:00,NONE,CONTROL_OBSERVED_STABLE,AUTHENTIC_HOURLY_LIVE,[LIVE/HYBRID],,,,,81.0,,,,,,4.5,0.98,,,15.84,,,,,,1.42,,,,,,,,,5.2,,
SEQ_V4_TRAIN_DB_MN-TUPUL-01_0053,NONE_DB_CONTROL,MN-TUPUL-01,Jiribam-Imphal Railway,Manipur,Noney,24.818,93.635,2026-09-14T08:00:00+00:00,2026-09-14T14:00:00+00:00,2026-09-14T14:00:00+00:00,2026-09-14T14:00:00+00:00,6.0,1,71,0.014,LIVE_TELEMETRY_HOURLY,0,0,0,0,0,2026-09-14T14:00:00+00:00,2026-09-16T14:00:00+00:00,NONE,CONTROL_OBSERVED_STABLE,AUTHENTIC_HOURLY_LIVE,[LIVE/HYBRID],,,,,77.0,,,,,,4.28,0.989,,,14.88,,,,,,1.35,,,,,,,,,5.2,,
SEQ_V4_TRAIN_DB_MZ-HUNTHAR-01_0054,NONE_DB_CONTROL,MZ-HUNTHAR-01,NH-06 / Western Arterial,Mizoram,Aizawl,23.742,92.708,2026-09-13T03:00:00+00:00,2026-09-13T09:00:00+00:00,2026-09-13T09:00:00+00:00,2026-09-13T09:00:00+00:00,6.0,7,65,0.097,LIVE_TELEMETRY_HOURLY,0,0,0,0,0,2026-09-13T09:00:00+00:00,2026-09-15T09:00:00+00:00,NONE,CONTROL_OBSERVED_STABLE,AUTHENTIC_HOURLY_LIVE,[LIVE/HYBRID],,,,,4.3,,,,,,0.3,1.126,,,0.0,,,,,,0.15,,,,,,,,,4.2,,
SEQ_V4_TRAIN_DB_MZ-HUNTHAR-01_0055,NONE_DB_CONTROL,MZ-HUNTHAR-01,NH-06 / Western Arterial,Mizoram,Aizawl,23.742,92.708,2026-09-13T04:00:00+00:00,2026-09-13T10:00:00+00:00,2026-09-13T10:00:00+00:00,2026-09-13T10:00:00+00:00,6.0,11,61,0.153,LIVE_TELEMETRY_HOURLY,0,0,0,0,0,2026-09-13T10:00:00+00:00,2026-09-15T10:00:00+00:00,NONE,CONTROL_OBSERVED_STABLE,AUTHENTIC_HOURLY_LIVE,[LIVE/HYBRID],,,,,4.3,,,,,,0.3,1.126,,,0.0,,,,,,0.15,,,,,,,,,4.2,,
SEQ_V4_TRAIN_DB_MZ-HUNTHAR-01_0056,NONE_DB_CONTROL,MZ-HUNTHAR-01,NH-06 / Western Arterial,Mizoram,Aizawl,23.742,92.708,2026-09-13T05:00:00+00:00,2026-09-13T11:00:00+00:00,2026-09-13T11:00:00+00:00,2026-09-13T11:00:00+00:00,6.0,11,61,0.153,LIVE_TELEMETRY_HOURLY,0,0,0,0,0,2026-09-13T11:00:00+00:00,2026-09-15T11:00:00+00:00,NONE,CONTROL_OBSERVED_STABLE,AUTHENTIC_HOURLY_LIVE,[LIVE/HYBRID],,,,,4.3,,,,,,0.0,1.126,,,0.0,,,,,,0.15,,,,,,,,,4.2,,
SEQ_V4_TRAIN_DB_MZ-HUNTHAR-01_0057,NONE_DB_CONTROL,MZ-HUNTHAR-01,NH-06 / Western Arterial,Mizoram,Aizawl,23.742,92.708,2026-09-13T06:00:00+00:00,2026-09-13T12:00:00+00:00,2026-09-13T12:00:00+00:00,2026-09-13T12:00:00+00:00,6.0,10,62,0.139,LIVE_TELEMETRY_HOURLY,0,0,0,0,0,2026-09-13T12:00:00+00:00,2026-09-15T12:00:00+00:00,NONE,CONTROL_OBSERVED_STABLE,AUTHENTIC_HOURLY_LIVE,[LIVE/HYBRID],,,,,5.1,,,,,,0.0,1.126,,,0.0,,,,,,0.13,,,,,,,,,4.2,,
SEQ_V4_TRAIN_DB_MZ-HUNTHAR-01_0058,NONE_DB_CONTROL,MZ-HUNTHAR-01,NH-06 / Western Arterial,Mizoram,Aizawl,23.742,92.708,2026-09-13T12:00:00+00:00,2026-09-13T18:00:00+00:00,2026-09-13T18:00:00+00:00,2026-09-13T18:00:00+00:00,6.0,1,71,0.014,LIVE_TELEMETRY_HOURLY,0,0,0,0,0,2026-09-13T18:00:00+00:00,2026-09-15T18:00:00+00:00,NONE,CONTROL_OBSERVED_STABLE,AUTHENTIC_HOURLY_LIVE,[LIVE/HYBRID],,,,,59.8,,,,,,3.32,1.027,,,10.75,,,,,,1.05,,,,,,,,,5.2,,
SEQ_V4_TRAIN_DB_MZ-HUNTHAR-01_0059,NONE_DB_CONTROL,MZ-HUNTHAR-01,NH-06 / Western Arterial,Mizoram,Aizawl,23.742,92.708,2026-09-14T08:00:00+00:00,2026-09-14T14:00:00+00:00,2026-09-14T14:00:00+00:00,2026-09-14T14:00:00+00:00,6.0,1,71,0.014,LIVE_TELEMETRY_HOURLY,0,0,0,0,0,2026-09-14T14:00:00+00:00,2026-09-16T14:00:00+00:00,NONE,CONTROL_OBSERVED_STABLE,AUTHENTIC_HOURLY_LIVE,[LIVE/HYBRID],,,,,56.6,,,,,,3.14,1.034,,,9.98,,,,,,0.99,,,,,,,,,5.2,,
SEQ_V4_TRAIN_DB_MZ-KOLASIB-01_0060,NONE_DB_CONTROL,MZ-KOLASIB-01,NH-306 Silchar-Aizawl Link,Mizoram,Kolasib,24.225,92.678,2026-09-13T03:00:00+00:00,2026-09-13T09:00:00+00:00,2026-09-13T09:00:00+00:00,2026-09-13T09:00:00+00:00,6.0,7,65,0.097,LIVE_TELEMETRY_HOURLY,0,0,0,0,0,2026-09-13T09:00:00+00:00,2026-09-15T09:00:00+00:00,NONE,CONTROL_OBSERVED_STABLE,AUTHENTIC_HOURLY_LIVE,[LIVE/HYBRID],,,,,11.0,,,,,,0.2,1.631,,,0.0,,,,,,0.17,,,,,,,,,4.2,,
SEQ_V4_TRAIN_DB_MZ-KOLASIB-01_0061,NONE_DB_CONTROL,MZ-KOLASIB-01,NH-306 Silchar-Aizawl Link,Mizoram,Kolasib,24.225,92.678,2026-09-13T04:00:00+00:00,2026-09-13T10:00:00+00:00,2026-09-13T10:00:00+00:00,2026-09-13T10:00:00+00:00,6.0,11,61,0.153,LIVE_TELEMETRY_HOURLY,0,0,0,0,0,2026-09-13T10:00:00+00:00,2026-09-15T10:00:00+00:00,NONE,CONTROL_OBSERVED_STABLE,AUTHENTIC_HOURLY_LIVE,[LIVE/HYBRID],,,,,11.0,,,,,,0.1,1.631,,,0.0,,,,,,0.17,,,,,,,,,4.2,,
SEQ_V4_TRAIN_DB_MZ-KOLASIB-01_0062,NONE_DB_CONTROL,MZ-KOLASIB-01,NH-306 Silchar-Aizawl Link,Mizoram,Kolasib,24.225,92.678,2026-09-13T05:00:00+00:00,2026-09-13T11:00:00+00:00,2026-09-13T11:00:00+00:00,2026-09-13T11:00:00+00:00,6.0,11,61,0.153,LIVE_TELEMETRY_HOURLY,0,0,0,0,0,2026-09-13T11:00:00+00:00,2026-09-15T11:00:00+00:00,NONE,CONTROL_OBSERVED_STABLE,AUTHENTIC_HOURLY_LIVE,[LIVE/HYBRID],,,,,11.0,,,,,,0.0,1.631,,,0.0,,,,,,0.17,,,,,,,,,4.2,,
SEQ_V4_TRAIN_DB_MZ-KOLASIB-01_0063,NONE_DB_CONTROL,MZ-KOLASIB-01,NH-306 Silchar-Aizawl Link,Mizoram,Kolasib,24.225,92.678,2026-09-13T06:00:00+00:00,2026-09-13T12:00:00+00:00,2026-09-13T12:00:00+00:00,2026-09-13T12:00:00+00:00,6.0,10,62,0.139,LIVE_TELEMETRY_HOURLY,0,0,0,0,0,2026-09-13T12:00:00+00:00,2026-09-15T12:00:00+00:00,NONE,CONTROL_OBSERVED_STABLE,AUTHENTIC_HOURLY_LIVE,[LIVE/HYBRID],,,,,5.0,,,,,,0.0,1.631,,,0.0,,,,,,0.13,,,,,,,,,4.2,,
SEQ_V4_TRAIN_DB_MZ-KOLASIB-01_0064,NONE_DB_CONTROL,MZ-KOLASIB-01,NH-306 Silchar-Aizawl Link,Mizoram,Kolasib,24.225,92.678,2026-09-13T12:00:00+00:00,2026-09-13T18:00:00+00:00,2026-09-13T18:00:00+00:00,2026-09-13T18:00:00+00:00,6.0,1,71,0.014,LIVE_TELEMETRY_HOURLY,0,0,0,0,0,2026-09-13T18:00:00+00:00,2026-09-15T18:00:00+00:00,NONE,CONTROL_OBSERVED_STABLE,AUTHENTIC_HOURLY_LIVE,[LIVE/HYBRID],,,,,117.4,,,,,,6.52,1.298,,,24.58,,,,,,2.05,,,,,,,,,5.2,,
SEQ_V4_TRAIN_DB_MZ-KOLASIB-01_0065,NONE_DB_CONTROL,MZ-KOLASIB-01,NH-306 Silchar-Aizawl Link,Mizoram,Kolasib,24.225,92.678,2026-09-14T08:00:00+00:00,2026-09-14T14:00:00+00:00,2026-09-14T14:00:00+00:00,2026-09-14T14:00:00+00:00,6.0,1,71,0.014,LIVE_TELEMETRY_HOURLY,0,0,0,0,0,2026-09-14T14:00:00+00:00,2026-09-16T14:00:00+00:00,NONE,CONTROL_OBSERVED_STABLE,AUTHENTIC_HOURLY_LIVE,[LIVE/HYBRID],,,,,114.2,,,,,,6.34,1.308,,,23.81,,,,,,2.0,,,,,,,,,5.2,,
SEQ_V4_TRAIN_DB_MZ-SAIRANG-01_0066,NONE_DB_CONTROL,MZ-SAIRANG-01,Bairabi-Sairang Rail Spur,Mizoram,Aizawl,23.805,92.659,2026-09-13T03:00:00+00:00,2026-09-13T09:00:00+00:00,2026-09-13T09:00:00+00:00,2026-09-13T09:00:00+00:00,6.0,7,65,0.097,LIVE_TELEMETRY_HOURLY,0,0,0,0,0,2026-09-13T09:00:00+00:00,2026-09-15T09:00:00+00:00,NONE,CONTROL_OBSERVED_STABLE,AUTHENTIC_HOURLY_LIVE,[LIVE/HYBRID],,,,,4.4,,,,,,0.2,1.631,,,0.0,,,,,,0.14,,,,,,,,,4.2,,
SEQ_V4_TRAIN_DB_MZ-SAIRANG-01_0067,NONE_DB_CONTROL,MZ-SAIRANG-01,Bairabi-Sairang Rail Spur,Mizoram,Aizawl,23.805,92.659,2026-09-13T04:00:00+00:00,2026-09-13T10:00:00+00:00,2026-09-13T10:00:00+00:00,2026-09-13T10:00:00+00:00,6.0,11,61,0.153,LIVE_TELEMETRY_HOURLY,0,0,0,0,0,2026-09-13T10:00:00+00:00,2026-09-15T10:00:00+00:00,NONE,CONTROL_OBSERVED_STABLE,AUTHENTIC_HOURLY_LIVE,[LIVE/HYBRID],,,,,4.4,,,,,,0.3,1.631,,,0.0,,,,,,0.14,,,,,,,,,4.2,,
SEQ_V4_TRAIN_DB_MZ-SAIRANG-01_0068,NONE_DB_CONTROL,MZ-SAIRANG-01,Bairabi-Sairang Rail Spur,Mizoram,Aizawl,23.805,92.659,2026-09-13T05:00:00+00:00,2026-09-13T11:00:00+00:00,2026-09-13T11:00:00+00:00,2026-09-13T11:00:00+00:00,6.0,11,61,0.153,LIVE_TELEMETRY_HOURLY,0,0,0,0,0,2026-09-13T11:00:00+00:00,2026-09-15T11:00:00+00:00,NONE,CONTROL_OBSERVED_STABLE,AUTHENTIC_HOURLY_LIVE,[LIVE/HYBRID],,,,,4.4,,,,,,0.1,1.631,,,0.0,,,,,,0.14,,,,,,,,,4.2,,
SEQ_V4_TRAIN_DB_MZ-SAIRANG-01_0069,NONE_DB_CONTROL,MZ-SAIRANG-01,Bairabi-Sairang Rail Spur,Mizoram,Aizawl,23.805,92.659,2026-09-13T06:00:00+00:00,2026-09-13T12:00:00+00:00,2026-09-13T12:00:00+00:00,2026-09-13T12:00:00+00:00,6.0,10,62,0.139,LIVE_TELEMETRY_HOURLY,0,0,0,0,0,2026-09-13T12:00:00+00:00,2026-09-15T12:00:00+00:00,NONE,CONTROL_OBSERVED_STABLE,AUTHENTIC_HOURLY_LIVE,[LIVE/HYBRID],,,,,3.5,,,,,,0.0,1.631,,,0.0,,,,,,0.11,,,,,,,,,4.2,,
SEQ_V4_TRAIN_DB_MZ-SAIRANG-01_0070,NONE_DB_CONTROL,MZ-SAIRANG-01,Bairabi-Sairang Rail Spur,Mizoram,Aizawl,23.805,92.659,2026-09-13T12:00:00+00:00,2026-09-13T18:00:00+00:00,2026-09-13T18:00:00+00:00,2026-09-13T18:00:00+00:00,6.0,1,71,0.014,LIVE_TELEMETRY_HOURLY,0,0,0,0,0,2026-09-13T18:00:00+00:00,2026-09-15T18:00:00+00:00,NONE,CONTROL_OBSERVED_STABLE,AUTHENTIC_HOURLY_LIVE,[LIVE/HYBRID],,,,,67.0,,,,,,3.72,1.462,,,12.48,,,,,,1.17,,,,,,,,,5.2,,
SEQ_V4_TRAIN_DB_MZ-SAIRANG-01_0071,NONE_DB_CONTROL,MZ-SAIRANG-01,Bairabi-Sairang Rail Spur,Mizoram,Aizawl,23.805,92.659,2026-09-14T08:00:00+00:00,2026-09-14T14:00:00+00:00,2026-09-14T14:00:00+00:00,2026-09-14T14:00:00+00:00,6.0,1,71,0.014,LIVE_TELEMETRY_HOURLY,0,0,0,0,0,2026-09-14T14:00:00+00:00,2026-09-16T14:00:00+00:00,NONE,CONTROL_OBSERVED_STABLE,AUTHENTIC_HOURLY_LIVE,[LIVE/HYBRID],,,,,63.8,,,,,,3.54,1.472,,,11.71,,,,,,1.12,,,,,,,,,5.2,,
SEQ_V4_TRAIN_DB_NL-DZUDZA-01_0072,NONE_DB_CONTROL,NL-DZUDZA-01,NH-29 Km 15,Nagaland,Kohima,25.67,94.02,2026-09-13T03:00:00+00:00,2026-09-13T09:00:00+00:00,2026-09-13T09:00:00+00:00,2026-09-13T09:00:00+00:00,6.0,7,65,0.097,LIVE_TELEMETRY_HOURLY,0,0,0,0,0,2026-09-13T09:00:00+00:00,2026-09-15T09:00:00+00:00,NONE,CONTROL_OBSERVED_STABLE,AUTHENTIC_HOURLY_LIVE,[LIVE/HYBRID],,,,,21.7,,,,,,0.4,1.609,,,1.61,,,,,,0.37,,,,,,,,,4.2,,
SEQ_V4_TRAIN_DB_NL-DZUDZA-01_0073,NONE_DB_CONTROL,NL-DZUDZA-01,NH-29 Km 15,Nagaland,Kohima,25.67,94.02,2026-09-13T04:00:00+00:00,2026-09-13T10:00:00+00:00,2026-09-13T10:00:00+00:00,2026-09-13T10:00:00+00:00,6.0,11,61,0.153,LIVE_TELEMETRY_HOURLY,0,0,0,0,0,2026-09-13T10:00:00+00:00,2026-09-15T10:00:00+00:00,NONE,CONTROL_OBSERVED_STABLE,AUTHENTIC_HOURLY_LIVE,[LIVE/HYBRID],,,,,21.7,,,,,,0.1,1.609,,,1.61,,,,,,0.37,,,,,,,,,4.2,,
SEQ_V4_TRAIN_DB_NL-DZUDZA-01_0074,NONE_DB_CONTROL,NL-DZUDZA-01,NH-29 Km 15,Nagaland,Kohima,25.67,94.02,2026-09-13T05:00:00+00:00,2026-09-13T11:00:00+00:00,2026-09-13T11:00:00+00:00,2026-09-13T11:00:00+00:00,6.0,11,61,0.153,LIVE_TELEMETRY_HOURLY,0,0,0,0,0,2026-09-13T11:00:00+00:00,2026-09-15T11:00:00+00:00,NONE,CONTROL_OBSERVED_STABLE,AUTHENTIC_HOURLY_LIVE,[LIVE/HYBRID],,,,,21.7,,,,,,0.0,1.609,,,1.61,,,,,,0.37,,,,,,,,,4.2,,
SEQ_V4_TRAIN_DB_NL-DZUDZA-01_0075,NONE_DB_CONTROL,NL-DZUDZA-01,NH-29 Km 15,Nagaland,Kohima,25.67,94.02,2026-09-13T06:00:00+00:00,2026-09-13T12:00:00+00:00,2026-09-13T12:00:00+00:00,2026-09-13T12:00:00+00:00,6.0,10,62,0.139,LIVE_TELEMETRY_HOURLY,0,0,0,0,0,2026-09-13T12:00:00+00:00,2026-09-15T12:00:00+00:00,NONE,CONTROL_OBSERVED_STABLE,AUTHENTIC_HOURLY_LIVE,[LIVE/HYBRID],,,,,20.8,,,,,,0.0,1.612,,,1.39,,,,,,0.43,,,,,,,,,4.2,,
SEQ_V4_TRAIN_DB_NL-DZUDZA-01_0076,NONE_DB_CONTROL,NL-DZUDZA-01,NH-29 Km 15,Nagaland,Kohima,25.67,94.02,2026-09-13T12:00:00+00:00,2026-09-13T18:00:00+00:00,2026-09-13T18:00:00+00:00,2026-09-13T18:00:00+00:00,6.0,1,71,0.014,LIVE_TELEMETRY_HOURLY,0,0,0,0,0,2026-09-13T18:00:00+00:00,2026-09-15T18:00:00+00:00,NONE,CONTROL_OBSERVED_STABLE,AUTHENTIC_HOURLY_LIVE,[LIVE/HYBRID],,,,,67.8,,,,,,3.77,1.459,,,12.67,,,,,,1.19,,,,,,,,,5.2,,
SEQ_V4_TRAIN_DB_NL-DZUDZA-01_0077,NONE_DB_CONTROL,NL-DZUDZA-01,NH-29 Km 15,Nagaland,Kohima,25.67,94.02,2026-09-14T08:00:00+00:00,2026-09-14T14:00:00+00:00,2026-09-14T14:00:00+00:00,2026-09-14T14:00:00+00:00,6.0,1,71,0.014,LIVE_TELEMETRY_HOURLY,0,0,0,0,0,2026-09-14T14:00:00+00:00,2026-09-16T14:00:00+00:00,NONE,CONTROL_OBSERVED_STABLE,AUTHENTIC_HOURLY_LIVE,[LIVE/HYBRID],,,,,63.8,,,,,,3.54,1.472,,,11.71,,,,,,1.12,,,,,,,,,5.2,,
SEQ_V4_TRAIN_DB_NL-PAGALA-01_0078,NONE_DB_CONTROL,NL-PAGALA-01,NH-29 Dimapur-Kohima Lifeline,Nagaland,Kohima,25.688,93.985,2026-09-13T03:00:00+00:00,2026-09-13T09:00:00+00:00,2026-09-13T09:00:00+00:00,2026-09-13T09:00:00+00:00,6.0,7,65,0.097,LIVE_TELEMETRY_HOURLY,0,0,0,0,0,2026-09-13T09:00:00+00:00,2026-09-15T09:00:00+00:00,NONE,CONTROL_OBSERVED_STABLE,AUTHENTIC_HOURLY_LIVE,[LIVE/HYBRID],,,,,16.3,,,,,,0.3,0.822,,,0.31,,,,,,0.19,,,,,,,,,4.2,,
SEQ_V4_TRAIN_DB_NL-PAGALA-01_0079,NONE_DB_CONTROL,NL-PAGALA-01,NH-29 Dimapur-Kohima Lifeline,Nagaland,Kohima,25.688,93.985,2026-09-13T04:00:00+00:00,2026-09-13T10:00:00+00:00,2026-09-13T10:00:00+00:00,2026-09-13T10:00:00+00:00,6.0,11,61,0.153,LIVE_TELEMETRY_HOURLY,0,0,0,0,0,2026-09-13T10:00:00+00:00,2026-09-15T10:00:00+00:00,NONE,CONTROL_OBSERVED_STABLE,AUTHENTIC_HOURLY_LIVE,[LIVE/HYBRID],,,,,16.3,,,,,,0.1,0.822,,,0.31,,,,,,0.19,,,,,,,,,4.2,,
SEQ_V4_TRAIN_DB_NL-PAGALA-01_0080,NONE_DB_CONTROL,NL-PAGALA-01,NH-29 Dimapur-Kohima Lifeline,Nagaland,Kohima,25.688,93.985,2026-09-13T05:00:00+00:00,2026-09-13T11:00:00+00:00,2026-09-13T11:00:00+00:00,2026-09-13T11:00:00+00:00,6.0,11,61,0.153,LIVE_TELEMETRY_HOURLY,0,0,0,0,0,2026-09-13T11:00:00+00:00,2026-09-15T11:00:00+00:00,NONE,CONTROL_OBSERVED_STABLE,AUTHENTIC_HOURLY_LIVE,[LIVE/HYBRID],,,,,16.3,,,,,,0.1,0.822,,,0.31,,,,,,0.19,,,,,,,,,4.2,,
SEQ_V4_TRAIN_DB_NL-PAGALA-01_0081,NONE_DB_CONTROL,NL-PAGALA-01,NH-29 Dimapur-Kohima Lifeline,Nagaland,Kohima,25.688,93.985,2026-09-13T06:00:00+00:00,2026-09-13T12:00:00+00:00,2026-09-13T12:00:00+00:00,2026-09-13T12:00:00+00:00,6.0,10,62,0.139,LIVE_TELEMETRY_HOURLY,0,0,0,0,0,2026-09-13T12:00:00+00:00,2026-09-15T12:00:00+00:00,NONE,CONTROL_OBSERVED_STABLE,AUTHENTIC_HOURLY_LIVE,[LIVE/HYBRID],,,,,12.8,,,,,,0.0,0.824,,,0.0,,,,,,0.19,,,,,,,,,4.2,,
SEQ_V4_TRAIN_DB_NL-PAGALA-01_0082,NONE_DB_CONTROL,NL-PAGALA-01,NH-29 Dimapur-Kohima Lifeline,Nagaland,Kohima,25.688,93.985,2026-09-13T12:00:00+00:00,2026-09-13T18:00:00+00:00,2026-09-13T18:00:00+00:00,2026-09-13T18:00:00+00:00,6.0,1,71,0.014,LIVE_TELEMETRY_HOURLY,0,0,0,0,0,2026-09-13T18:00:00+00:00,2026-09-15T18:00:00+00:00,NONE,CONTROL_OBSERVED_STABLE,AUTHENTIC_HOURLY_LIVE,[LIVE/HYBRID],,,,,68.2,,,,,,3.79,0.749,,,12.77,,,,,,1.19,,,,,,,,,5.2,,
SEQ_V4_TRAIN_DB_NL-PAGALA-01_0083,NONE_DB_CONTROL,NL-PAGALA-01,NH-29 Dimapur-Kohima Lifeline,Nagaland,Kohima,25.688,93.985,2026-09-14T08:00:00+00:00,2026-09-14T14:00:00+00:00,2026-09-14T14:00:00+00:00,2026-09-14T14:00:00+00:00,6.0,1,71,0.014,LIVE_TELEMETRY_HOURLY,0,0,0,0,0,2026-09-14T14:00:00+00:00,2026-09-16T14:00:00+00:00,NONE,CONTROL_OBSERVED_STABLE,AUTHENTIC_HOURLY_LIVE,[LIVE/HYBRID],,,,,65.0,,,,,,3.61,0.753,,,12.0,,,,,,1.14,,,,,,,,,5.2,,
SEQ_V4_TRAIN_DB_NL-PIPHEMA-01_0084,NONE_DB_CONTROL,NL-PIPHEMA-01,NH-29,Nagaland,Chümoukedima,25.756,93.912,2026-09-13T03:00:00+00:00,2026-09-13T09:00:00+00:00,2026-09-13T09:00:00+00:00,2026-09-13T09:00:00+00:00,6.0,7,65,0.097,LIVE_TELEMETRY_HOURLY,0,0,0,0,0,2026-09-13T09:00:00+00:00,2026-09-15T09:00:00+00:00,NONE,CONTROL_OBSERVED_STABLE,AUTHENTIC_HOURLY_LIVE,[LIVE/HYBRID],,,,,5.9,,,,,,0.1,0.955,,,0.0,,,,,,0.18,,,,,,,,,4.2,,
SEQ_V4_TRAIN_DB_NL-PIPHEMA-01_0085,NONE_DB_CONTROL,NL-PIPHEMA-01,NH-29,Nagaland,Chümoukedima,25.756,93.912,2026-09-13T04:00:00+00:00,2026-09-13T10:00:00+00:00,2026-09-13T10:00:00+00:00,2026-09-13T10:00:00+00:00,6.0,11,61,0.153,LIVE_TELEMETRY_HOURLY,0,0,0,0,0,2026-09-13T10:00:00+00:00,2026-09-15T10:00:00+00:00,NONE,CONTROL_OBSERVED_STABLE,AUTHENTIC_HOURLY_LIVE,[LIVE/HYBRID],,,,,5.9,,,,,,0.1,0.955,,,0.0,,,,,,0.18,,,,,,,,,4.2,,
SEQ_V4_TRAIN_DB_NL-PIPHEMA-01_0086,NONE_DB_CONTROL,NL-PIPHEMA-01,NH-29,Nagaland,Chümoukedima,25.756,93.912,2026-09-13T05:00:00+00:00,2026-09-13T11:00:00+00:00,2026-09-13T11:00:00+00:00,2026-09-13T11:00:00+00:00,6.0,11,61,0.153,LIVE_TELEMETRY_HOURLY,0,0,0,0,0,2026-09-13T11:00:00+00:00,2026-09-15T11:00:00+00:00,NONE,CONTROL_OBSERVED_STABLE,AUTHENTIC_HOURLY_LIVE,[LIVE/HYBRID],,,,,5.9,,,,,,0.1,0.955,,,0.0,,,,,,0.18,,,,,,,,,4.2,,
SEQ_V4_TRAIN_DB_NL-PIPHEMA-01_0087,NONE_DB_CONTROL,NL-PIPHEMA-01,NH-29,Nagaland,Chümoukedima,25.756,93.912,2026-09-13T06:00:00+00:00,2026-09-13T12:00:00+00:00,2026-09-13T12:00:00+00:00,2026-09-13T12:00:00+00:00,6.0,10,62,0.139,LIVE_TELEMETRY_HOURLY,0,0,0,0,0,2026-09-13T12:00:00+00:00,2026-09-15T12:00:00+00:00,NONE,CONTROL_OBSERVED_STABLE,AUTHENTIC_HOURLY_LIVE,[LIVE/HYBRID],,,,,4.3,,,,,,0.0,0.955,,,0.0,,,,,,0.23,,,,,,,,,4.2,,
SEQ_V4_TRAIN_DB_NL-PIPHEMA-01_0088,NONE_DB_CONTROL,NL-PIPHEMA-01,NH-29,Nagaland,Chümoukedima,25.756,93.912,2026-09-13T12:00:00+00:00,2026-09-13T18:00:00+00:00,2026-09-13T18:00:00+00:00,2026-09-13T18:00:00+00:00,6.0,1,71,0.014,LIVE_TELEMETRY_HOURLY,0,0,0,0,0,2026-09-13T18:00:00+00:00,2026-09-15T18:00:00+00:00,NONE,CONTROL_OBSERVED_STABLE,AUTHENTIC_HOURLY_LIVE,[LIVE/HYBRID],,,,,76.2,,,,,,4.23,0.852,,,14.69,,,,,,1.33,,,,,,,,,5.2,,
SEQ_V4_TRAIN_DB_NL-PIPHEMA-01_0089,NONE_DB_CONTROL,NL-PIPHEMA-01,NH-29,Nagaland,Chümoukedima,25.756,93.912,2026-09-14T08:00:00+00:00,2026-09-14T14:00:00+00:00,2026-09-14T14:00:00+00:00,2026-09-14T14:00:00+00:00,6.0,1,71,0.014,LIVE_TELEMETRY_HOURLY,0,0,0,0,0,2026-09-14T14:00:00+00:00,2026-09-16T14:00:00+00:00,NONE,CONTROL_OBSERVED_STABLE,AUTHENTIC_HOURLY_LIVE,[LIVE/HYBRID],,,,,72.2,,,,,,4.01,0.859,,,13.73,,,,,,1.26,,,,,,,,,5.2,,
SEQ_V4_TRAIN_DB_SK-DIKCHU-01_0090,NONE_DB_CONTROL,SK-DIKCHU-01,North Sikkim Highway,Sikkim,North Sikkim,27.382,88.583,2026-09-13T03:00:00+00:00,2026-09-13T09:00:00+00:00,2026-09-13T09:00:00+00:00,2026-09-13T09:00:00+00:00,6.0,7,65,0.097,LIVE_TELEMETRY_HOURLY,0,0,0,0,0,2026-09-13T09:00:00+00:00,2026-09-15T09:00:00+00:00,NONE,CONTROL_OBSERVED_STABLE,AUTHENTIC_HOURLY_LIVE,[LIVE/HYBRID],,,,,12.3,,,,,,0.2,2.336,,,0.0,,,,,,0.47,,,,,,,,,4.2,,
SEQ_V4_TRAIN_DB_SK-DIKCHU-01_0091,NONE_DB_CONTROL,SK-DIKCHU-01,North Sikkim Highway,Sikkim,North Sikkim,27.382,88.583,2026-09-13T04:00:00+00:00,2026-09-13T10:00:00+00:00,2026-09-13T10:00:00+00:00,2026-09-13T10:00:00+00:00,6.0,11,61,0.153,LIVE_TELEMETRY_HOURLY,0,0,0,0,0,2026-09-13T10:00:00+00:00,2026-09-15T10:00:00+00:00,NONE,CONTROL_OBSERVED_STABLE,AUTHENTIC_HOURLY_LIVE,[LIVE/HYBRID],,,,,12.3,,,,,,0.1,2.336,,,0.0,,,,,,0.47,,,,,,,,,4.2,,
SEQ_V4_TRAIN_DB_SK-DIKCHU-01_0092,NONE_DB_CONTROL,SK-DIKCHU-01,North Sikkim Highway,Sikkim,North Sikkim,27.382,88.583,2026-09-13T05:00:00+00:00,2026-09-13T11:00:00+00:00,2026-09-13T11:00:00+00:00,2026-09-13T11:00:00+00:00,6.0,11,61,0.153,LIVE_TELEMETRY_HOURLY,0,0,0,0,0,2026-09-13T11:00:00+00:00,2026-09-15T11:00:00+00:00,NONE,CONTROL_OBSERVED_STABLE,AUTHENTIC_HOURLY_LIVE,[LIVE/HYBRID],,,,,12.3,,,,,,0.0,2.336,,,0.0,,,,,,0.47,,,,,,,,,4.2,,
SEQ_V4_TRAIN_DB_SK-DIKCHU-01_0093,NONE_DB_CONTROL,SK-DIKCHU-01,North Sikkim Highway,Sikkim,North Sikkim,27.382,88.583,2026-09-13T06:00:00+00:00,2026-09-13T12:00:00+00:00,2026-09-13T12:00:00+00:00,2026-09-13T12:00:00+00:00,6.0,10,62,0.139,LIVE_TELEMETRY_HOURLY,0,0,0,0,0,2026-09-13T12:00:00+00:00,2026-09-15T12:00:00+00:00,NONE,CONTROL_OBSERVED_STABLE,AUTHENTIC_HOURLY_LIVE,[LIVE/HYBRID],,,,,11.0,,,,,,0.0,2.336,,,0.0,,,,,,0.44,,,,,,,,,4.2,,
SEQ_V4_TRAIN_DB_SK-DIKCHU-01_0094,NONE_DB_CONTROL,SK-DIKCHU-01,North Sikkim Highway,Sikkim,North Sikkim,27.382,88.583,2026-09-13T12:00:00+00:00,2026-09-13T18:00:00+00:00,2026-09-13T18:00:00+00:00,2026-09-13T18:00:00+00:00,6.0,1,71,0.014,LIVE_TELEMETRY_HOURLY,0,0,0,0,0,2026-09-13T18:00:00+00:00,2026-09-15T18:00:00+00:00,NONE,CONTROL_OBSERVED_STABLE,AUTHENTIC_HOURLY_LIVE,[LIVE/HYBRID],,,,,87.4,,,,,,4.86,1.951,,,17.38,,,,,,1.53,,,,,,,,,5.2,,
SEQ_V4_TRAIN_DB_SK-DIKCHU-01_0095,NONE_DB_CONTROL,SK-DIKCHU-01,North Sikkim Highway,Sikkim,North Sikkim,27.382,88.583,2026-09-14T08:00:00+00:00,2026-09-14T14:00:00+00:00,2026-09-14T14:00:00+00:00,2026-09-14T14:00:00+00:00,6.0,1,71,0.014,LIVE_TELEMETRY_HOURLY,0,0,0,0,0,2026-09-14T14:00:00+00:00,2026-09-16T14:00:00+00:00,NONE,CONTROL_OBSERVED_STABLE,AUTHENTIC_HOURLY_LIVE,[LIVE/HYBRID],,,,,84.2,,,,,,4.68,1.968,,,16.61,,,,,,1.47,,,,,,,,,5.2,,
SEQ_V4_TRAIN_DB_SK-MANGAN-01_0096,NONE_DB_CONTROL,SK-MANGAN-01,Mangan-Chungthang Road,Sikkim,Mangan,27.502,88.528,2026-09-13T03:00:00+00:00,2026-09-13T09:00:00+00:00,2026-09-13T09:00:00+00:00,2026-09-13T09:00:00+00:00,6.0,7,65,0.097,LIVE_TELEMETRY_HOURLY,0,0,0,0,0,2026-09-13T09:00:00+00:00,2026-09-15T09:00:00+00:00,NONE,CONTROL_OBSERVED_STABLE,AUTHENTIC_HOURLY_LIVE,[LIVE/HYBRID],,,,,52.3,,,,,,0.4,1.193,,,8.95,,,,,,1.22,,,,,,,,,4.2,,
SEQ_V4_TRAIN_DB_SK-MANGAN-01_0097,NONE_DB_CONTROL,SK-MANGAN-01,Mangan-Chungthang Road,Sikkim,Mangan,27.502,88.528,2026-09-13T04:00:00+00:00,2026-09-13T10:00:00+00:00,2026-09-13T10:00:00+00:00,2026-09-13T10:00:00+00:00,6.0,11,61,0.153,LIVE_TELEMETRY_HOURLY,0,0,0,0,0,2026-09-13T10:00:00+00:00,2026-09-15T10:00:00+00:00,NONE,CONTROL_OBSERVED_STABLE,AUTHENTIC_HOURLY_LIVE,[LIVE/HYBRID],,,,,52.3,,,,,,0.2,1.193,,,8.95,,,,,,1.22,,,,,,,,,4.2,,
SEQ_V4_TRAIN_DB_SK-MANGAN-01_0098,NONE_DB_CONTROL,SK-MANGAN-01,Mangan-Chungthang Road,Sikkim,Mangan,27.502,88.528,2026-09-13T05:00:00+00:00,2026-09-13T11:00:00+00:00,2026-09-13T11:00:00+00:00,2026-09-13T11:00:00+00:00,6.0,11,61,0.153,LIVE_TELEMETRY_HOURLY,0,0,0,0,0,2026-09-13T11:00:00+00:00,2026-09-15T11:00:00+00:00,NONE,CONTROL_OBSERVED_STABLE,AUTHENTIC_HOURLY_LIVE,[LIVE/HYBRID],,,,,52.3,,,,,,0.1,1.193,,,8.95,,,,,,1.22,,,,,,,,,4.2,,
SEQ_V4_TRAIN_DB_SK-MANGAN-01_0099,NONE_DB_CONTROL,SK-MANGAN-01,Mangan-Chungthang Road,Sikkim,Mangan,27.502,88.528,2026-09-13T06:00:00+00:00,2026-09-13T12:00:00+00:00,2026-09-13T12:00:00+00:00,2026-09-13T12:00:00+00:00,6.0,10,62,0.139,LIVE_TELEMETRY_HOURLY,0,0,0,0,0,2026-09-13T12:00:00+00:00,2026-09-15T12:00:00+00:00,NONE,CONTROL_OBSERVED_STABLE,AUTHENTIC_HOURLY_LIVE,[LIVE/HYBRID],,,,,50.4,,,,,,0.1,1.198,,,8.5,,,,,,1.27,,,,,,,,,4.2,,
SEQ_V4_TRAIN_DB_SK-MANGAN-01_0100,NONE_DB_CONTROL,SK-MANGAN-01,Mangan-Chungthang Road,Sikkim,Mangan,27.502,88.528,2026-09-13T12:00:00+00:00,2026-09-13T18:00:00+00:00,2026-09-13T18:00:00+00:00,2026-09-13T18:00:00+00:00,6.0,1,71,0.014,LIVE_TELEMETRY_HOURLY,0,0,0,0,0,2026-09-13T18:00:00+00:00,2026-09-15T18:00:00+00:00,NONE,CONTROL_OBSERVED_STABLE,AUTHENTIC_HOURLY_LIVE,[LIVE/HYBRID],,,,,100.6,,,,,,5.59,1.065,,,20.54,,,,,,1.76,,,,,,,,,5.2,,
SEQ_V4_TRAIN_DB_SK-MANGAN-01_0101,NONE_DB_CONTROL,SK-MANGAN-01,Mangan-Chungthang Road,Sikkim,Mangan,27.502,88.528,2026-09-14T08:00:00+00:00,2026-09-14T14:00:00+00:00,2026-09-14T14:00:00+00:00,2026-09-14T14:00:00+00:00,6.0,1,71,0.014,LIVE_TELEMETRY_HOURLY,0,0,0,0,0,2026-09-14T14:00:00+00:00,2026-09-16T14:00:00+00:00,NONE,CONTROL_OBSERVED_STABLE,AUTHENTIC_HOURLY_LIVE,[LIVE/HYBRID],,,,,97.4,,,,,,5.41,1.073,,,19.78,,,,,,1.7,,,,,,,,,5.2,,
SEQ_V4_TRAIN_DB_SK-NH10-KM48_0102,NONE_DB_CONTROL,SK-NH10-KM48,National Highway 10,Sikkim,Kalimpong-Sikkim Border,27.33,88.61,2026-09-13T03:00:00+00:00,2026-09-13T09:00:00+00:00,2026-09-13T09:00:00+00:00,2026-09-13T09:00:00+00:00,6.0,7,65,0.097,LIVE_TELEMETRY_HOURLY,0,0,0,0,0,2026-09-13T09:00:00+00:00,2026-09-15T09:00:00+00:00,NONE,CONTROL_OBSERVED_STABLE,AUTHENTIC_HOURLY_LIVE,[LIVE/HYBRID],,,,,12.3,,,,,,0.2,0.981,,,0.0,,,,,,0.47,,,,,,,,,4.2,,
SEQ_V4_TRAIN_DB_SK-NH10-KM48_0103,NONE_DB_CONTROL,SK-NH10-KM48,National Highway 10,Sikkim,Kalimpong-Sikkim Border,27.33,88.61,2026-09-13T04:00:00+00:00,2026-09-13T10:00:00+00:00,2026-09-13T10:00:00+00:00,2026-09-13T10:00:00+00:00,6.0,11,61,0.153,LIVE_TELEMETRY_HOURLY,0,0,0,0,0,2026-09-13T10:00:00+00:00,2026-09-15T10:00:00+00:00,NONE,CONTROL_OBSERVED_STABLE,AUTHENTIC_HOURLY_LIVE,[LIVE/HYBRID],,,,,12.3,,,,,,0.1,0.981,,,0.0,,,,,,0.47,,,,,,,,,4.2,,
SEQ_V4_TRAIN_DB_SK-NH10-KM48_0104,NONE_DB_CONTROL,SK-NH10-KM48,National Highway 10,Sikkim,Kalimpong-Sikkim Border,27.33,88.61,2026-09-13T05:00:00+00:00,2026-09-13T11:00:00+00:00,2026-09-13T11:00:00+00:00,2026-09-13T11:00:00+00:00,6.0,11,61,0.153,LIVE_TELEMETRY_HOURLY,0,0,0,0,0,2026-09-13T11:00:00+00:00,2026-09-15T11:00:00+00:00,NONE,CONTROL_OBSERVED_STABLE,AUTHENTIC_HOURLY_LIVE,[LIVE/HYBRID],,,,,12.3,,,,,,0.0,0.981,,,0.0,,,,,,0.47,,,,,,,,,4.2,,
SEQ_V4_TRAIN_DB_SK-NH10-KM48_0105,NONE_DB_CONTROL,SK-NH10-KM48,National Highway 10,Sikkim,Kalimpong-Sikkim Border,27.33,88.61,2026-09-13T06:00:00+00:00,2026-09-13T12:00:00+00:00,2026-09-13T12:00:00+00:00,2026-09-13T12:00:00+00:00,6.0,10,62,0.139,LIVE_TELEMETRY_HOURLY,0,0,0,0,0,2026-09-13T12:00:00+00:00,2026-09-15T12:00:00+00:00,NONE,CONTROL_OBSERVED_STABLE,AUTHENTIC_HOURLY_LIVE,[LIVE/HYBRID],,,,,12.3,,,,,,0.0,0.981,,,0.0,,,,,,0.47,,,,,,,,,4.2,,
SEQ_V4_TRAIN_DB_SK-NH10-KM48_0106,NONE_DB_CONTROL,SK-NH10-KM48,National Highway 10,Sikkim,Kalimpong-Sikkim Border,27.33,88.61,2026-09-13T12:00:00+00:00,2026-09-13T18:00:00+00:00,2026-09-13T18:00:00+00:00,2026-09-13T18:00:00+00:00,6.0,1,71,0.014,LIVE_TELEMETRY_HOURLY,0,0,0,0,0,2026-09-13T18:00:00+00:00,2026-09-15T18:00:00+00:00,NONE,CONTROL_OBSERVED_STABLE,AUTHENTIC_HOURLY_LIVE,[LIVE/HYBRID],,,,,135.0,,,,,,7.5,0.767,,,28.8,,,,,,2.36,,,,,,,,,5.2,,
SEQ_V4_TRAIN_DB_SK-NH10-KM48_0107,NONE_DB_CONTROL,SK-NH10-KM48,National Highway 10,Sikkim,Kalimpong-Sikkim Border,27.33,88.61,2026-09-14T08:00:00+00:00,2026-09-14T14:00:00+00:00,2026-09-14T14:00:00+00:00,2026-09-14T14:00:00+00:00,6.0,1,71,0.014,LIVE_TELEMETRY_HOURLY,0,0,0,0,0,2026-09-14T14:00:00+00:00,2026-09-16T14:00:00+00:00,NONE,CONTROL_OBSERVED_STABLE,AUTHENTIC_HOURLY_LIVE,[LIVE/HYBRID],,,,,135.0,,,,,,7.5,0.767,,,28.8,,,,,,2.36,,,,,,,,,5.2,,
SEQ_V4_TRAIN_DB_SK-SINGTAM-01_0108,NONE_DB_CONTROL,SK-SINGTAM-01,NH-10 / Teesta River Gorge,Sikkim,Gangtok,27.234,88.498,2026-09-13T03:00:00+00:00,2026-09-13T09:00:00+00:00,2026-09-13T09:00:00+00:00,2026-09-13T09:00:00+00:00,6.0,7,65,0.097,LIVE_TELEMETRY_HOURLY,0,0,0,0,0,2026-09-13T09:00:00+00:00,2026-09-15T09:00:00+00:00,NONE,CONTROL_OBSERVED_STABLE,AUTHENTIC_HOURLY_LIVE,[LIVE/HYBRID],,,,,61.9,,,,,,0.6,1.737,,,11.26,,,,,,1.38,,,,,,,,,4.2,,
SEQ_V4_TRAIN_DB_SK-SINGTAM-01_0109,NONE_DB_CONTROL,SK-SINGTAM-01,NH-10 / Teesta River Gorge,Sikkim,Gangtok,27.234,88.498,2026-09-13T04:00:00+00:00,2026-09-13T10:00:00+00:00,2026-09-13T10:00:00+00:00,2026-09-13T10:00:00+00:00,6.0,11,61,0.153,LIVE_TELEMETRY_HOURLY,0,0,0,0,0,2026-09-13T10:00:00+00:00,2026-09-15T10:00:00+00:00,NONE,CONTROL_OBSERVED_STABLE,AUTHENTIC_HOURLY_LIVE,[LIVE/HYBRID],,,,,61.9,,,,,,0.6,1.737,,,11.26,,,,,,1.38,,,,,,,,,4.2,,
SEQ_V4_TRAIN_DB_SK-SINGTAM-01_0110,NONE_DB_CONTROL,SK-SINGTAM-01,NH-10 / Teesta River Gorge,Sikkim,Gangtok,27.234,88.498,2026-09-13T05:00:00+00:00,2026-09-13T11:00:00+00:00,2026-09-13T11:00:00+00:00,2026-09-13T11:00:00+00:00,6.0,11,61,0.153,LIVE_TELEMETRY_HOURLY,0,0,0,0,0,2026-09-13T11:00:00+00:00,2026-09-15T11:00:00+00:00,NONE,CONTROL_OBSERVED_STABLE,AUTHENTIC_HOURLY_LIVE,[LIVE/HYBRID],,,,,61.9,,,,,,0.8,1.737,,,11.26,,,,,,1.38,,,,,,,,,4.2,,
SEQ_V4_TRAIN_DB_SK-SINGTAM-01_0111,NONE_DB_CONTROL,SK-SINGTAM-01,NH-10 / Teesta River Gorge,Sikkim,Gangtok,27.234,88.498,2026-09-13T06:00:00+00:00,2026-09-13T12:00:00+00:00,2026-09-13T12:00:00+00:00,2026-09-13T12:00:00+00:00,6.0,10,62,0.139,LIVE_TELEMETRY_HOURLY,0,0,0,0,0,2026-09-13T12:00:00+00:00,2026-09-15T12:00:00+00:00,NONE,CONTROL_OBSERVED_STABLE,AUTHENTIC_HOURLY_LIVE,[LIVE/HYBRID],,,,,50.9,,,,,,0.2,1.784,,,8.62,,,,,,1.44,,,,,,,,,4.2,,
SEQ_V4_TRAIN_DB_SK-SINGTAM-01_0112,NONE_DB_CONTROL,SK-SINGTAM-01,NH-10 / Teesta River Gorge,Sikkim,Gangtok,27.234,88.498,2026-09-13T12:00:00+00:00,2026-09-13T18:00:00+00:00,2026-09-13T18:00:00+00:00,2026-09-13T18:00:00+00:00,6.0,1,71,0.014,LIVE_TELEMETRY_HOURLY,0,0,0,0,0,2026-09-13T18:00:00+00:00,2026-09-15T18:00:00+00:00,NONE,CONTROL_OBSERVED_STABLE,AUTHENTIC_HOURLY_LIVE,[LIVE/HYBRID],,,,,68.2,,,,,,3.79,1.71,,,12.77,,,,,,1.19,,,,,,,,,5.2,,
SEQ_V4_TRAIN_DB_SK-SINGTAM-01_0113,NONE_DB_CONTROL,SK-SINGTAM-01,NH-10 / Teesta River Gorge,Sikkim,Gangtok,27.234,88.498,2026-09-14T08:00:00+00:00,2026-09-14T14:00:00+00:00,2026-09-14T14:00:00+00:00,2026-09-14T14:00:00+00:00,6.0,1,71,0.014,LIVE_TELEMETRY_HOURLY,0,0,0,0,0,2026-09-14T14:00:00+00:00,2026-09-16T14:00:00+00:00,NONE,CONTROL_OBSERVED_STABLE,AUTHENTIC_HOURLY_LIVE,[LIVE/HYBRID],,,,,65.0,,,,,,3.61,1.724,,,12.0,,,,,,1.14,,,,,,,,,5.2,,
SEQ_V4_TRAIN_DB_TR-BARAMURA-01_0114,NONE_DB_CONTROL,TR-BARAMURA-01,NH-08 National Corridor,Tripura,Khowai,23.882,91.564,2026-09-13T03:00:00+00:00,2026-09-13T09:00:00+00:00,2026-09-13T09:00:00+00:00,2026-09-13T09:00:00+00:00,6.0,7,65,0.097,LIVE_TELEMETRY_HOURLY,0,0,0,0,0,2026-09-13T09:00:00+00:00,2026-09-15T09:00:00+00:00,NONE,CONTROL_OBSERVED_STABLE,AUTHENTIC_HOURLY_LIVE,[LIVE/HYBRID],,,,,2.8,,,,,,0.1,1.631,,,0.0,,,,,,0.07,,,,,,,,,4.2,,
SEQ_V4_TRAIN_DB_TR-BARAMURA-01_0115,NONE_DB_CONTROL,TR-BARAMURA-01,NH-08 National Corridor,Tripura,Khowai,23.882,91.564,2026-09-13T04:00:00+00:00,2026-09-13T10:00:00+00:00,2026-09-13T10:00:00+00:00,2026-09-13T10:00:00+00:00,6.0,11,61,0.153,LIVE_TELEMETRY_HOURLY,0,0,0,0,0,2026-09-13T10:00:00+00:00,2026-09-15T10:00:00+00:00,NONE,CONTROL_OBSERVED_STABLE,AUTHENTIC_HOURLY_LIVE,[LIVE/HYBRID],,,,,2.8,,,,,,0.1,1.631,,,0.0,,,,,,0.07,,,,,,,,,4.2,,
SEQ_V4_TRAIN_DB_TR-BARAMURA-01_0116,NONE_DB_CONTROL,TR-BARAMURA-01,NH-08 National Corridor,Tripura,Khowai,23.882,91.564,2026-09-13T05:00:00+00:00,2026-09-13T11:00:00+00:00,2026-09-13T11:00:00+00:00,2026-09-13T11:00:00+00:00,6.0,11,61,0.153,LIVE_TELEMETRY_HOURLY,0,0,0,0,0,2026-09-13T11:00:00+00:00,2026-09-15T11:00:00+00:00,NONE,CONTROL_OBSERVED_STABLE,AUTHENTIC_HOURLY_LIVE,[LIVE/HYBRID],,,,,2.8,,,,,,0.0,1.631,,,0.0,,,,,,0.07,,,,,,,,,4.2,,
SEQ_V4_TRAIN_DB_TR-BARAMURA-01_0117,NONE_DB_CONTROL,TR-BARAMURA-01,NH-08 National Corridor,Tripura,Khowai,23.882,91.564,2026-09-13T06:00:00+00:00,2026-09-13T12:00:00+00:00,2026-09-13T12:00:00+00:00,2026-09-13T12:00:00+00:00,6.0,10,62,0.139,LIVE_TELEMETRY_HOURLY,0,0,0,0,0,2026-09-13T12:00:00+00:00,2026-09-15T12:00:00+00:00,NONE,CONTROL_OBSERVED_STABLE,AUTHENTIC_HOURLY_LIVE,[LIVE/HYBRID],,,,,1.7,,,,,,0.0,1.631,,,0.0,,,,,,0.06,,,,,,,,,4.2,,
SEQ_V4_TRAIN_DB_TR-BARAMURA-01_0118,NONE_DB_CONTROL,TR-BARAMURA-01,NH-08 National Corridor,Tripura,Khowai,23.882,91.564,2026-09-13T12:00:00+00:00,2026-09-13T18:00:00+00:00,2026-09-13T18:00:00+00:00,2026-09-13T18:00:00+00:00,6.0,1,71,0.014,LIVE_TELEMETRY_HOURLY,0,0,0,0,0,2026-09-13T18:00:00+00:00,2026-09-15T18:00:00+00:00,NONE,CONTROL_OBSERVED_STABLE,AUTHENTIC_HOURLY_LIVE,[LIVE/HYBRID],,,,,63.0,,,,,,3.5,1.475,,,11.52,,,,,,1.1,,,,,,,,,5.2,,
SEQ_V4_TRAIN_DB_TR-BARAMURA-01_0119,NONE_DB_CONTROL,TR-BARAMURA-01,NH-08 National Corridor,Tripura,Khowai,23.882,91.564,2026-09-14T08:00:00+00:00,2026-09-14T14:00:00+00:00,2026-09-14T14:00:00+00:00,2026-09-14T14:00:00+00:00,6.0,1,71,0.014,LIVE_TELEMETRY_HOURLY,0,0,0,0,0,2026-09-14T14:00:00+00:00,2026-09-16T14:00:00+00:00,NONE,CONTROL_OBSERVED_STABLE,AUTHENTIC_HOURLY_LIVE,[LIVE/HYBRID],,,,,59.8,,,,,,3.32,1.485,,,10.75,,,,,,1.05,,,,,,,,,5.2,,
