record_id,timestamp,sector_id,sector_name,state,district,corridor,latitude,longitude,elevation_m,slope_deg,aspect_deg,curvature,lithology,cohesion_kpa,friction_deg,soil_depth_m,rainfall_current_mmh,rainfall_1h_mm,rainfall_6h_mm,rainfall_24h_mm,rainfall_72h_mm,api_3d_mm,api_7d_mm,api_30d_mm,forecast_24h_mm,temperature_c,humidity_pct,visibility_m,visibility_km,fog_classification,fog_label,speed_limit,driving_advisory,visibility_color,rainfall_threshold_status,weather_source,weather_provenance,ecmwf_24h_mm,gfs_24h_mm,icon_24h_mm,ensemble_mean_24h_mm,recent_earthquake_id,seismic_magnitude,seismic_distance_km,seismic_depth_km,seismic_shaking_proxy_g,seismic_trigger_score,seismic_trigger_level,seismic_source,seismic_provenance,pore_water_pressure_kpa,displacement_rate_mm_day,cumulative_displacement_mm,tilt_deg,soil_moisture_vwc,insar_deformation_mm,ndvi,teesta_water_level_m,teesta_discharge_cumecs,river_scour_tau_b,physical_fos,ml_fos,mandal_sarkar_exceeded,event_probability_24h,static_susceptibility_s,dynamic_precipitation_p,ground_anomaly_a,raw_cri,final_cri,alert_band,signals_triggered_count,model_agreement,downgraded,downgrade_reason,evidence_confidence,overall_provenance,recommended_action,data_hash_sha256
CRI_RT_SK_NH10_KM48_20260922_130937,2026-09-22T13:09:36.106330+00:00,SK-NH10-KM48,NH-10 Km 48 (29th Mile Sector),Sikkim,Kalimpong-Sikkim Border,National Highway 10,27.33,88.61,541.9,41.8,187.2,-0.0,Daling Group quartz-chlorite phyllites and schists,14.5,28.5,4.2,7.5,7.5,51.3,135.0,283.5,249.76,367.16,454.55,128.25,17.5,92.0,350.0,0.35,DENSE_FOG,DENSE MOUNTAIN FOG,<= 25 km/h,"Dense mountain fog (< 500m). High risk of blind hairpins. Fog lamps mandatory, speed capped at 25 km/h.",#F59E0B,EXCEEDED,PAHAD Eastern Himalayan Climate Simulator,CACHED,0.0,0.0,0.0,135.0,SIM-EQ-NER-01,5.2,10.4,12.5,0.6,0.3,VERY_HIGH,SeismicService (USGS/NCS/HimalayanFaults),SIMULATED,28.8,2.36,31.89,2.83,0.49,-14.5,0.7,218.4,2480.0,3050.0,0.75,0.347,True,0.332,0.5,1.0,0.823,57.7,57.7,HIGH,2,2/3,False,,0.81,[LIVE/HYBRID],Issue Watch advisory to District Disaster Management Authority (DDMA),0154a94a50170be77698cd47ea2c7df9cd2aeb16329d44160c39bcb83d100fae
CRI_RT_SK_SINGTAM_01_20260922_130938,2026-09-22T13:09:37.117768+00:00,SK-SINGTAM-01,Singtam Teesta Basin Toe-Scour Zone,Sikkim,Gangtok,NH-10 / Teesta River Gorge,27.234,88.498,1950.5,15.4,347.4,0.0017,Daling quartzites and sheared fault gouge,14.5,28.5,4.2,3.61,3.61,24.7,65.0,136.5,120.26,176.78,218.86,61.75,17.5,92.0,4155.0,4.16,CLEAR,CLEAR HORIZONTAL VISIBILITY,Max 50 km/h,Optimal sight distance (> 4 km). Normal convoy and civilian transit permitted across mountain passes.,#10B981,EXCEEDED,PAHAD Eastern Himalayan Climate Simulator,CACHED,0.0,0.0,0.0,65.0,SIM-EQ-NER-01,5.2,22.2,12.5,0.6,0.3,VERY_HIGH,SeismicService (USGS/NCS/HimalayanFaults),SIMULATED,12.0,1.14,15.36,1.36,0.35,-6.2,0.55,218.4,2480.0,1650.0,2.374,0.942,True,0.294,0.5,0.65,0.343,57.02,57.02,HIGH,1,1/3,False,,0.66,[LIVE/HYBRID],Issue Watch advisory to District Disaster Management Authority (DDMA),62de55ed1e1efbf25a417a94a0270a422b6f118c6483c9a883265f514ba32fa2
CRI_RT_SK_DIKCHU_01_20260922_130939,2026-09-22T13:09:38.128349+00:00,SK-DIKCHU-01,Dikchu Hydro Sector Bluffs,Sikkim,North Sikkim,North Sikkim Highway,27.382,88.583,2350.1,14.9,183.9,0.0008,Biotite gneiss with steep dip slope,28.0,35.0,2.5,4.68,4.68,32.0,84.2,176.82,155.78,229.0,283.51,79.99,17.5,92.0,1883.0,1.88,MIST_HAZE,VALLEY MIST & HAZE,<= 50 km/h,Valley mist and atmospheric haze (< 4 km). Normal mountain driving caution advised.,#38BDF8,EXCEEDED,PAHAD Eastern Himalayan Climate Simulator,CACHED,0.0,0.0,0.0,84.2,SIM-EQ-NER-01,5.2,4.2,12.5,0.6,0.3,VERY_HIGH,SeismicService (USGS/NCS/HimalayanFaults),SIMULATED,16.61,1.47,19.89,1.77,0.388,-6.2,0.73,218.4,2480.0,2034.0,4.046,1.879,True,0.206,0.5,0.842,0.475,39.58,39.58,MODERATE,1,1/3,False,,0.66,[LIVE/HYBRID],Accelerate telemetry polling to 5-minute intervals,71712ba16956b04b34fbc601df6ebe6eb36fbc0c55c83c5825e2d10f141b90bd
CRI_RT_SK_MANGAN_01_20260922_130940,2026-09-22T13:09:39.141636+00:00,SK-MANGAN-01,Mangan Relict Landslide Complex,Sikkim,Mangan,Mangan-Chungthang Road,27.502,88.528,1854.4,14.4,195.7,-0.0008,Chungthang Formation calc-silicates and marbles,16.0,28.0,3.8,5.41,5.41,37.01,97.4,204.54,180.2,264.9,327.95,92.53,17.5,92.0,600.0,0.6,MODERATE_FOG,MODERATE FOG,<= 40 km/h,"Moderate fog (< 1.5 km). Low-beam headlights required, caution on ghat curves, speed capped at 40 km/h.",#FBBF24,EXCEEDED,PAHAD Eastern Himalayan Climate Simulator,CACHED,0.0,0.0,0.0,97.4,SIM-EQ-NER-01,5.2,10.5,12.5,0.6,0.3,VERY_HIGH,SeismicService (USGS/NCS/HimalayanFaults),SIMULATED,19.78,1.7,23.01,2.05,0.415,-6.2,0.33,218.4,2480.0,2298.0,2.414,1.111,True,0.314,0.5,0.974,0.565,43.11,43.11,HIGH,1,1/3,False,,0.66,[LIVE/HYBRID],Issue Watch advisory to District Disaster Management Authority (DDMA),171fda8c46ff1222e18e9663f1a5619f6f48d28b1a31fd4cc8a38cf7cbd6f566
CRI_RT_MZ_HUNTHAR_01_20260922_130941,2026-09-22T13:09:40.161398+00:00,MZ-HUNTHAR-01,Aizawl NH-6 Hunthar Veng Slump,Mizoram,Aizawl,NH-06 / Western Arterial,23.742,92.708,782.5,14.1,51.3,0.0008,Surma Group interbedded siltstone and fissile clay,16.0,28.0,3.8,3.14,3.14,21.51,56.6,118.86,104.71,153.93,190.58,53.77,17.5,92.0,5149.0,5.15,CLEAR,CLEAR HORIZONTAL VISIBILITY,Max 50 km/h,Optimal sight distance (> 4 km). Normal convoy and civilian transit permitted across mountain passes.,#10B981,EXCEEDED,PAHAD Eastern Himalayan Climate Simulator,CACHED,0.0,0.0,0.0,56.6,SIM-EQ-NER-01,5.2,581.9,12.5,0.0,0.0,LOW,SeismicService (USGS/NCS/HimalayanFaults),SIMULATED,9.98,0.99,13.37,1.19,0.333,-6.2,0.32,0.0,0.0,0.0,2.746,1.135,True,0.294,0.5,0.566,0.285,39.12,39.12,MODERATE,1,1/3,False,,0.66,[LIVE/HYBRID],Accelerate telemetry polling to 5-minute intervals,7b81815c888da9aad3908e096711f78f4cbae01dd33b6f893c4d0ba2e954f12a
CRI_RT_MZ_SAIRANG_01_20260922_130942,2026-09-22T13:09:41.172170+00:00,MZ-SAIRANG-01,Sairang Railway Terminal Ridge,Mizoram,Aizawl,Bairabi-Sairang Rail Spur,23.805,92.659,718.7,11.8,77.0,0.0,Tipam sandstone with thick residual overburden,19.0,30.0,3.6,3.54,3.54,24.24,63.8,133.98,118.04,173.51,214.82,60.61,17.5,92.0,4297.0,4.3,CLEAR,CLEAR HORIZONTAL VISIBILITY,Max 50 km/h,Optimal sight distance (> 4 km). Normal convoy and civilian transit permitted across mountain passes.,#10B981,EXCEEDED,PAHAD Eastern Himalayan Climate Simulator,CACHED,0.0,0.0,0.0,63.8,SIM-EQ-NER-01,5.2,573.4,12.5,0.0,0.0,LOW,SeismicService (USGS/NCS/HimalayanFaults),SIMULATED,11.71,1.12,15.07,1.34,0.348,-6.2,0.63,0.0,0.0,0.0,3.655,1.61,True,0.206,0.5,0.638,0.335,30.53,30.53,MODERATE,1,1/3,False,,0.66,[LIVE/HYBRID],Accelerate telemetry polling to 5-minute intervals,df94b0480ea88e9e55008a679081528e9c649323680b3beb2622225d00e00256
CRI_RT_MZ_KOLASIB_01_20260922_130943,2026-09-22T13:09:42.184442+00:00,MZ-KOLASIB-01,Kolasib Sinking Carriageway,Mizoram,Kolasib,NH-306 Silchar-Aizawl Link,24.225,92.678,936.8,12.8,90.0,0.0,Upper Bhuban sandstone and siltstone,17.5,29.5,3.8,6.34,6.34,43.4,114.2,239.82,211.28,310.59,384.52,108.49,17.5,92.0,600.0,0.6,MODERATE_FOG,MODERATE FOG,<= 40 km/h,"Moderate fog (< 1.5 km). Low-beam headlights required, caution on ghat curves, speed capped at 40 km/h.",#FBBF24,EXCEEDED,PAHAD Eastern Himalayan Climate Simulator,CACHED,0.0,0.0,0.0,114.2,SIM-EQ-NER-01,5.2,542.6,12.5,0.0,0.0,LOW,SeismicService (USGS/NCS/HimalayanFaults),SIMULATED,23.81,2.0,26.98,2.4,0.448,-6.2,0.63,0.0,0.0,0.0,2.783,1.367,True,0.221,0.5,1.0,0.68,49.45,49.45,HIGH,1,1/3,False,,0.66,[LIVE/HYBRID],Issue Watch advisory to District Disaster Management Authority (DDMA),e664a5d52aa1b7ff9756b359acc1f1ddddca93e67459ff95a36e2a7331fdee21
CRI_RT_NL_PAGALA_01_20260922_130944,2026-09-22T13:09:43.198081+00:00,NL-PAGALA-01,Kohima NH-29 Pagala Pahar,Nagaland,Kohima,NH-29 Dimapur-Kohima Lifeline,25.688,93.985,1604.8,16.5,347.0,0.0017,Disang Group intensely crushed splintery shale,11.5,24.0,5.2,3.61,3.61,24.7,65.0,136.5,120.26,176.78,218.86,61.75,17.5,92.0,4155.0,4.16,CLEAR,CLEAR HORIZONTAL VISIBILITY,Max 50 km/h,Optimal sight distance (> 4 km). Normal convoy and civilian transit permitted across mountain passes.,#10B981,EXCEEDED,PAHAD Eastern Himalayan Climate Simulator,CACHED,0.0,0.0,0.0,65.0,SIM-EQ-NER-01,5.2,571.0,12.5,0.0,0.0,LOW,SeismicService (USGS/NCS/HimalayanFaults),SIMULATED,12.0,1.14,15.36,1.36,0.35,-6.2,0.63,0.0,0.0,0.0,1.742,0.697,True,0.294,0.5,0.65,0.343,46.82,46.82,HIGH,1,1/3,False,,0.66,[LIVE/HYBRID],Issue Watch advisory to District Disaster Management Authority (DDMA),911469e14607d42aabc3c85838cb52c6cbefce7aac1af251fa03bcf984c6d349
CRI_RT_NL_DZUDZA_01_20260922_130945,2026-09-22T13:09:44.208460+00:00,NL-DZUDZA-01,Dzüdza River Bridge Bluffs,Nagaland,Kohima,NH-29 Km 15,25.67,94.02,1528.3,13.6,354.3,0.0008,Barail massive sandstone overlying weak Disang shales,11.5,24.0,5.2,3.54,3.54,24.24,63.8,133.98,118.04,173.51,214.82,60.61,17.5,92.0,4297.0,4.3,CLEAR,CLEAR HORIZONTAL VISIBILITY,Max 50 km/h,Optimal sight distance (> 4 km). Normal convoy and civilian transit permitted across mountain passes.,#10B981,EXCEEDED,PAHAD Eastern Himalayan Climate Simulator,CACHED,0.0,0.0,0.0,63.8,SIM-EQ-NER-01,5.2,575.0,12.5,0.0,0.0,LOW,SeismicService (USGS/NCS/HimalayanFaults),SIMULATED,11.71,1.12,15.07,1.34,0.348,-6.2,0.63,0.0,0.0,0.0,2.124,0.846,True,0.294,0.5,0.638,0.335,44.36,44.36,HIGH,1,1/3,False,,0.66,[LIVE/HYBRID],Issue Watch advisory to District Disaster Management Authority (DDMA),6828fdc8e0f342d31855dba4f4297e0b557232181d43949347dc0f6192ffc7ea
CRI_RT_NL_PIPHEMA_01_20260922_130946,2026-09-22T13:09:45.217699+00:00,NL-PIPHEMA-01,Piphema Sinking Zone,Nagaland,Chümoukedima,NH-29,25.756,93.912,1712.2,11.3,68.2,0.0008,Disang shale colluvium with high clay fraction,11.5,24.0,5.2,4.01,4.01,27.44,72.2,151.62,133.58,196.36,243.1,68.59,17.5,92.0,3303.0,3.3,MIST_HAZE,VALLEY MIST & HAZE,<= 50 km/h,Valley mist and atmospheric haze (< 4 km). Normal mountain driving caution advised.,#38BDF8,EXCEEDED,PAHAD Eastern Himalayan Climate Simulator,CACHED,0.0,0.0,0.0,72.2,SIM-EQ-NER-01,5.2,561.5,12.5,0.0,0.0,LOW,SeismicService (USGS/NCS/HimalayanFaults),SIMULATED,13.73,1.26,17.06,1.52,0.364,-6.2,0.63,0.0,0.0,0.0,2.517,1.018,True,0.294,0.5,0.722,0.392,46.04,46.04,HIGH,1,1/3,False,,0.66,[LIVE/HYBRID],Issue Watch advisory to District Disaster Management Authority (DDMA),a3d3e1dad89e8939db38c93232fcdd7367af98b4f93246fd46c7dfccd43d7ede
CRI_RT_AR_BHALUK_01_20260922_130947,2026-09-22T13:09:46.237090+00:00,AR-BHALUK-01,Bhalukpong-Tawang Axis Km 32,Arunachal Pradesh,West Kameng,Tawang Strategic Highway,27.012,92.645,2218.4,15.1,357.9,-0.0008,Siwalik sandstones and Main Boundary Thrust (MBT) shear,15.0,27.5,4.0,4.88,4.88,33.36,87.8,184.38,162.44,238.79,295.63,83.41,17.5,92.0,1457.0,1.46,MODERATE_FOG,MODERATE FOG,<= 40 km/h,"Moderate fog (< 1.5 km). Low-beam headlights required, caution on ghat curves, speed capped at 40 km/h.",#FBBF24,EXCEEDED,PAHAD Eastern Himalayan Climate Simulator,CACHED,0.0,0.0,0.0,87.8,SIM-EQ-NER-01,5.2,404.5,12.5,0.0,0.0,LOW,SeismicService (USGS/NCS/HimalayanFaults),SIMULATED,17.47,1.54,20.74,1.84,0.396,-6.2,0.63,0.0,0.0,0.0,2.262,0.993,True,0.294,0.5,0.878,0.499,35.93,35.93,MODERATE,1,1/3,False,,0.66,[LIVE/HYBRID],Accelerate telemetry polling to 5-minute intervals,2a0e5993258e829358927c2a238929cedbf04ddd9819ba660b2e186325de589f
CRI_RT_AR_PASIGHAT_01_20260922_130948,2026-09-22T13:09:47.255140+00:00,AR-PASIGHAT-01,Pasighat Siang River Scour Escarpment,Arunachal Pradesh,East Siang,NH-515 / Siang Valley,28.067,95.326,2900.9,13.0,110.2,-0.0009,Unconsolidated river terraces and boulder gravels,16.0,28.0,3.8,3.68,3.68,25.16,66.2,139.02,122.48,180.04,222.9,62.89,17.5,92.0,4013.0,4.01,CLEAR,CLEAR HORIZONTAL VISIBILITY,Max 50 km/h,Optimal sight distance (> 4 km). Normal convoy and civilian transit permitted across mountain passes.,#10B981,EXCEEDED,PAHAD Eastern Himalayan Climate Simulator,CACHED,0.0,0.0,0.0,66.2,SIM-EQ-NER-01,5.2,667.7,12.5,0.0,0.0,LOW,SeismicService (USGS/NCS/HimalayanFaults),SIMULATED,12.29,1.16,15.64,1.39,0.352,-6.2,0.63,0.0,0.0,0.0,2.906,1.231,True,0.294,0.5,0.662,0.351,44.19,44.19,HIGH,1,1/3,False,,0.66,[LIVE/HYBRID],Issue Watch advisory to District Disaster Management Authority (DDMA),a5665e81a8407fc215010882506c135eed37c54ec6303b5b1c388b641ef4de62
CRI_RT_AR_SELA_01_20260922_130949,2026-09-22T13:09:48.271391+00:00,AR-SELA-01,Sela Pass North Approach Km 8,Arunachal Pradesh,Tawang,NH-13,27.505,92.102,2663.8,13.0,191.3,0.0,Permafrost-degraded granitic gneiss and moraine scree,28.0,35.0,2.5,4.48,4.48,30.63,80.6,169.26,149.12,219.21,271.38,76.57,17.5,92.0,2309.0,2.31,MIST_HAZE,VALLEY MIST & HAZE,<= 50 km/h,Valley mist and atmospheric haze (< 4 km). Normal mountain driving caution advised.,#38BDF8,EXCEEDED,PAHAD Eastern Himalayan Climate Simulator,CACHED,0.0,0.0,0.0,80.6,SIM-EQ-NER-01,5.2,347.6,12.5,0.0,0.0,LOW,SeismicService (USGS/NCS/HimalayanFaults),SIMULATED,15.74,1.41,19.04,1.69,0.381,-6.2,0.63,0.0,0.0,0.0,4.674,2.154,True,0.206,0.5,0.806,0.45,43.87,43.87,HIGH,1,1/3,False,,0.66,[LIVE/HYBRID],Issue Watch advisory to District Disaster Management Authority (DDMA),e897af8761ace36815a01f383b700dc288133898159d1115db9a8814d09c5b02
CRI_RT_MN_TUPUL_01_20260922_130950,2026-09-22T13:09:49.276360+00:00,MN-TUPUL-01,Noney Tupul Railway Corridor,Manipur,Noney,Jiribam-Imphal Railway,24.818,93.635,1186.1,38.0,349.6,0.0,Disang flysch formation sheared claystone and siltstone,11.5,24.0,5.2,4.28,4.28,29.26,77.0,161.7,142.46,209.41,259.26,73.15,17.5,92.0,2735.0,2.73,MIST_HAZE,VALLEY MIST & HAZE,<= 50 km/h,Valley mist and atmospheric haze (< 4 km). Normal mountain driving caution advised.,#38BDF8,EXCEEDED,PAHAD Eastern Himalayan Climate Simulator,CACHED,0.0,0.0,0.0,77.0,SIM-EQ-NER-01,5.2,581.6,12.5,0.0,0.0,LOW,SeismicService (USGS/NCS/HimalayanFaults),SIMULATED,14.88,1.35,18.19,1.62,0.374,-6.2,0.63,0.0,0.0,0.0,0.72,0.303,True,0.311,0.5,0.77,0.425,57.11,57.11,HIGH,2,2/3,False,,0.81,[LIVE/HYBRID],Issue Watch advisory to District Disaster Management Authority (DDMA),9cf5b26245815003e60629f1d4f60d7971af794ef59841416df23d495854009c
CRI_RT_MN_JIRIBAM_01_20260922_130951,2026-09-22T13:09:50.289003+00:00,MN-JIRIBAM-01,Imphal-Jiribam NH-37 Km 78,Manipur,Tamenglong,NH-37 Lifeline,24.802,93.421,1093.7,13.6,199.4,0.0017,Barail Formation layered shale and sandstone,24.0,33.0,3.2,4.01,4.01,27.44,72.2,151.62,133.58,196.36,243.1,68.59,17.5,92.0,3303.0,3.3,MIST_HAZE,VALLEY MIST & HAZE,<= 50 km/h,Valley mist and atmospheric haze (< 4 km). Normal mountain driving caution advised.,#38BDF8,EXCEEDED,PAHAD Eastern Himalayan Climate Simulator,CACHED,0.0,0.0,0.0,72.2,SIM-EQ-NER-01,5.2,564.2,12.5,0.0,0.0,LOW,SeismicService (USGS/NCS/HimalayanFaults),SIMULATED,13.73,1.26,17.06,1.52,0.364,-6.2,0.63,0.0,0.0,0.0,3.776,1.765,True,0.206,0.5,0.722,0.392,43.84,43.84,HIGH,1,1/3,False,,0.66,[LIVE/HYBRID],Issue Watch advisory to District Disaster Management Authority (DDMA),79cd87059b69cdf3144aad50ed397b9d4ef9f8f0a25983f4628efcca6c479918
CRI_RT_ML_SONAPUR_01_20260922_130952,2026-09-22T13:09:51.300707+00:00,ML-SONAPUR-01,Sonapur Tunnel NH-06,Meghalaya,East Jaintia Hills,NH-06 Barak Valley Lifeline,25.105,92.362,1353.6,15.3,59.9,0.0017,Barail sandstone with interbedded coal and shale seams,24.0,33.0,3.2,5.34,5.34,36.56,96.2,202.02,177.98,261.63,323.91,91.39,17.5,92.0,600.0,0.6,MODERATE_FOG,MODERATE FOG,<= 40 km/h,"Moderate fog (< 1.5 km). Low-beam headlights required, caution on ghat curves, speed capped at 40 km/h.",#FBBF24,EXCEEDED,PAHAD Eastern Himalayan Climate Simulator,CACHED,0.0,0.0,0.0,96.2,SIM-EQ-NER-01,5.2,456.6,12.5,0.0,0.0,LOW,SeismicService (USGS/NCS/HimalayanFaults),SIMULATED,19.49,1.68,22.73,2.02,0.412,-6.2,0.63,0.0,0.0,0.0,3.143,1.569,True,0.206,0.5,0.962,0.557,46.76,46.76,HIGH,1,1/3,False,,0.66,[LIVE/HYBRID],Issue Watch advisory to District Disaster Management Authority (DDMA),2aafdeff67e8fc194d4327f71c82ab2e4fa5356ebe5a98509323004f659bbbb3
CRI_RT_ML_CHERRA_01_20260922_130953,2026-09-22T13:09:52.315340+00:00,ML-CHERRA-01,Cherrapunji South Escarpment,Meghalaya,East Khasi Hills,Sohra-Shella Corridor,25.275,91.732,1427.3,18.1,188.5,-0.0,Karstified Sylhet limestone and Therria sandstone,22.0,31.0,3.5,6.01,6.01,41.12,108.2,227.22,200.18,294.27,364.32,102.79,17.5,92.0,600.0,0.6,MODERATE_FOG,MODERATE FOG,<= 40 km/h,"Moderate fog (< 1.5 km). Low-beam headlights required, caution on ghat curves, speed capped at 40 km/h.",#FBBF24,EXCEEDED,PAHAD Eastern Himalayan Climate Simulator,CACHED,0.0,0.0,0.0,108.2,SIM-EQ-NER-01,5.2,394.4,12.5,0.0,0.0,LOW,SeismicService (USGS/NCS/HimalayanFaults),SIMULATED,22.37,1.89,25.56,2.27,0.436,-6.2,0.63,0.0,0.0,0.0,2.327,1.215,True,0.314,0.5,1.0,0.639,36.59,36.59,MODERATE,1,1/3,False,,0.66,[LIVE/HYBRID],Accelerate telemetry polling to 5-minute intervals,39b9387023d67fd1bd945b952de5ace82501ab58c6704dec237e06cc38fd72b8
CRI_RT_AS_DIMA_01_20260922_130954,2026-09-22T13:09:53.325771+00:00,AS-DIMA-01,Dima Hasao Hill Railway Corridor Km 42,Assam,Dima Hasao,Lumding-Badarpur Hill Section,25.178,93.023,1280.4,14.7,84.3,0.0017,Surma Group unconsolidated argillaceous sediments,16.0,28.0,3.8,6.28,6.28,42.94,113.0,237.3,209.06,307.32,380.48,107.35,17.5,92.0,600.0,0.6,MODERATE_FOG,MODERATE FOG,<= 40 km/h,"Moderate fog (< 1.5 km). Low-beam headlights required, caution on ghat curves, speed capped at 40 km/h.",#FBBF24,EXCEEDED,PAHAD Eastern Himalayan Climate Simulator,CACHED,0.0,0.0,0.0,113.0,SIM-EQ-NER-01,5.2,508.2,12.5,0.0,0.0,LOW,SeismicService (USGS/NCS/HimalayanFaults),SIMULATED,23.52,1.98,26.7,2.37,0.446,-6.2,0.63,0.0,0.0,0.0,2.263,1.088,True,0.314,0.5,1.0,0.672,37.36,37.36,MODERATE,1,1/3,False,,0.66,[LIVE/HYBRID],Accelerate telemetry polling to 5-minute intervals,4c7aec7963872e92a523dc962a008aae7a769c221f97525f0416a63f53c6457d
CRI_RT_AS_GUWAHATI_01_20260922_130955,2026-09-22T13:09:54.338484+00:00,AS-GUWAHATI-01,Guwahati Narakasur Hills,Assam,Kamrup Metropolitan,Guwahati Urban Rim,26.142,91.776,1942.0,12.1,204.8,-0.0017,Precambrian granite gneiss with deeply weathered saprolite,28.0,35.0,2.5,5.14,5.14,35.19,92.6,194.46,171.32,251.84,311.79,87.97,17.5,92.0,889.0,0.89,MODERATE_FOG,MODERATE FOG,<= 40 km/h,"Moderate fog (< 1.5 km). Low-beam headlights required, caution on ghat curves, speed capped at 40 km/h.",#FBBF24,EXCEEDED,PAHAD Eastern Himalayan Climate Simulator,CACHED,0.0,0.0,0.0,92.6,SIM-EQ-NER-01,5.2,347.6,12.5,0.0,0.0,LOW,SeismicService (USGS/NCS/HimalayanFaults),SIMULATED,18.62,1.62,21.88,1.94,0.405,-6.2,0.63,0.0,0.0,0.0,4.821,2.314,True,0.206,0.5,0.926,0.532,33.19,33.19,MODERATE,1,1/3,False,,0.66,[LIVE/HYBRID],Accelerate telemetry polling to 5-minute intervals,cfb01e3ce781b326be59a3db01b2aa509c17de1462edca8f68862fee467fc818
CRI_RT_TR_BARAMURA_01_20260922_130956,2026-09-22T13:09:55.353747+00:00,TR-BARAMURA-01,Baramura Hill Range NH-08,Tripura,Khowai,NH-08 National Corridor,23.882,91.564,734.3,11.4,353.9,-0.0008,Bhuban Formation folded anticlinal shale-sandstone,17.5,29.5,3.8,3.28,3.28,22.42,59.0,123.9,109.15,160.46,198.66,56.05,17.5,92.0,4865.0,4.87,CLEAR,CLEAR HORIZONTAL VISIBILITY,Max 50 km/h,Optimal sight distance (> 4 km). Normal convoy and civilian transit permitted across mountain passes.,#10B981,EXCEEDED,PAHAD Eastern Himalayan Climate Simulator,CACHED,0.0,0.0,0.0,59.0,SIM-EQ-NER-01,5.2,494.1,12.5,0.0,0.0,LOW,SeismicService (USGS/NCS/HimalayanFaults),SIMULATED,10.56,1.03,13.94,1.24,0.338,-6.2,0.63,0.0,0.0,0.0,3.625,1.535,True,0.206,0.5,0.59,0.302,38.83,38.83,MODERATE,1,1/3,False,,0.66,[LIVE/HYBRID],Accelerate telemetry polling to 5-minute intervals,ec3a0142f8fc185cd6b58b081ac4405695656146b942b413157164f7d23fdea2
